Date,KOSPI,PortA,PortB
2014-04-08,1993.03,1058.29,1008.29
2014-04-09,1998.95,1058.77,1008.85
2014-04-10,2008.61,1059.77,1010.05
2014-04-11,1997.44,1058.78,1008.86
2014-04-12,1997.44,1060.7,1010.96
2014-04-13,1997.44,1060.14,1010.38
2014-04-14,1997.02,1058.88,1008.95
2014-04-15,1992.27,1058.58,1008.61
2014-04-16,1992.21,1059.48,1009.67
2014-04-17,1992.05,1061.41,1011.79
2014-04-18,2004.28,1062.03,1012.48
2014-04-19,2004.28,1058.1,1008.31
2014-04-20,2004.28,1054.01,1003.68
2014-04-21,1999.22,1055.03,1004.8
2014-04-22,2004.22,1050.84,1000.07
2014-04-23,2000.37,1048.31,997.27
2014-04-24,1998.34,1051.85,1001.23
2014-04-25,1971.66,1053.49,1003.05
2014-04-26,1971.66,1054.67,1004.29
2014-04-27,1971.66,1058.23,1008.28
2014-04-28,1969.26,1060.15,1010.38
2014-04-29,1964.77,1057.69,1007.55
2014-04-30,1961.79,1057.55,1007.39
2014-05-01,1961.79,1052.83,1001.64
2014-05-02,1959.44,1053.77,1002.7
2014-05-03,1959.44,1052.59,1001.39
2014-05-04,1959.44,1049.73,998.42
2014-05-05,1959.44,1051.14,999.92
2014-05-06,1959.44,1052.8,1001.7
2014-05-07,1939.88,1050.85,999.55
2014-05-08,1950.6,1051.78,1000.68
2014-05-09,1956.55,1048.55,997.26
2014-05-10,1956.55,1049.94,998.81
2014-05-11,1956.55,1052.35,1001.57
2014-05-12,1964.94,1054.13,1003.59
2014-05-13,1982.93,1053.89,1003.33
2014-05-14,2010.83,1053.14,1002.5
2014-05-15,2010.2,1055.85,1005.48
2014-05-16,2013.44,1056.59,1006.29
2014-05-17,2013.44,1057.66,1007.46
2014-05-18,2013.44,1057.05,1006.76
2014-05-19,2015.14,1056.49,1006.11
2014-05-20,2011.26,1051.6,1000.73
2014-05-21,2008.33,1053.62,1003.02
2014-05-22,2015.59,1050.08,999
2014-05-23,2017.17,1049.71,998.63
2014-05-24,2017.17,1049.16,998.03
2014-05-25,2017.17,1050.28,999.33
2014-05-26,2010.35,1052.65,1001.98
2014-05-27,1997.63,1051,1000.24
2014-05-28,2017.06,1052.14,1001.48
2014-05-29,2012.26,1052.48,1001.87
2014-05-30,1994.96,1053.22,1002.72
2014-05-31,1994.96,1053.94,1003.55
2014-06-01,1994.96,1052.59,1002.14
2014-06-02,2002,1049.03,998.3
2014-06-03,2008.56,1049.42,998.73
2014-06-04,2008.56,1050.51,1000.01
2014-06-05,1995.48,1052.06,1001.64
2014-06-06,1995.48,1052.38,1001.97
2014-06-07,1995.48,1052.56,1002.17
2014-06-08,1995.48,1053.2,1002.83
2014-06-09,1990.04,1055.55,1005.65
2014-06-10,2011.8,1058.06,1008.41
2014-06-11,2014.67,1058.92,1009.3
2014-06-12,2011.65,1059.1,1009.5
2014-06-13,1990.85,1060.2,1010.69
2014-06-14,1990.85,1061.01,1011.57
2014-06-15,1990.85,1060.36,1010.89
2014-06-16,1993.59,1058.72,1009.04
2014-06-17,2001.55,1058.24,1008.54
2014-06-18,1989.49,1060.92,1011.55
2014-06-19,1992.03,1064.54,1015.54
2014-06-20,1968.07,1063.27,1014.1
2014-06-21,1968.07,1063.81,1014.74
2014-06-22,1968.07,1065.12,1016.26
2014-06-23,1974.92,1064.66,1015.74
2014-06-24,1994.35,1066.85,1018.2
2014-06-25,1981.77,1064.08,1015.35
2014-06-26,1995.05,1064.2,1015.48
2014-06-27,1988.51,1066.82,1018.31
2014-06-28,1988.51,1066.87,1018.37
2014-06-29,1988.51,1062.88,1013.98
2014-06-30,2002.21,1064.89,1016.06
2014-07-01,1999,1064.76,1015.91
2014-07-02,2015.28,1065.64,1016.93
2014-07-03,2010.97,1067.43,1018.78
2014-07-04,2009.66,1067.16,1018.47
2014-07-05,2009.66,1067.26,1018.58
2014-07-06,2009.66,1068.76,1020.2
2014-07-07,2005.12,1065.95,1017.21
2014-07-08,2006.66,1061.98,1012.93
2014-07-09,2000.5,1058.26,1008.84
2014-07-10,2002.84,1060.92,1011.54
2014-07-11,1988.74,1056.71,1006.91
2014-07-12,1988.74,1057.39,1007.67
2014-07-13,1988.74,1053.25,1003.05
2014-07-14,1993.88,1052.5,1002.15
2014-07-15,2012.72,1053.06,1002.72
2014-07-16,2013.48,1048.42,997.6
2014-07-17,2020.9,1051.9,1001.33
2014-07-18,2019.42,1052.67,1002.19
2014-07-19,2019.42,1051.19,1000.46
2014-07-20,2019.42,1048.41,997.47
2014-07-21,2018.5,1050.14,999.36
2014-07-22,2028.93,1049.2,998.27
2014-07-23,2028.32,1044.63,993.19
2014-07-24,2026.62,1039.11,986.81
2014-07-25,2033.85,1040.53,988.37
2014-07-26,2033.85,1040.96,988.83
2014-07-27,2033.85,1036.38,983.9
2014-07-28,2048.81,1038.58,986.15
2014-07-29,2061.97,1038.23,985.79
2014-07-30,2082.61,1043.77,991.83
2014-07-31,2076.12,1042.52,990.48
2014-08-01,2073.1,1039.4,987.1
2014-08-02,2073.1,1039.53,987.25
2014-08-03,2073.1,1041.09,988.9
2014-08-04,2080.42,1039.77,987.55
2014-08-05,2066.26,1041.05,988.89
2014-08-06,2060.73,1042.22,990.1
2014-08-07,2054.51,1041.07,988.82
2014-08-08,2031.1,1044,992.06
2014-08-09,2031.1,1048.16,996.24
2014-08-10,2031.1,1048.04,996.11
2014-08-11,2039.37,1046.93,994.92
2014-08-12,2041.47,1046.34,994.27
2014-08-13,2062.36,1044.41,992.13
2014-08-14,2063.22,1045.53,993.43
2014-08-15,2063.22,1048.86,996.99
2014-08-16,2063.22,1049.03,997.18
2014-08-17,2063.22,1048.55,996.64
2014-08-18,2053.13,1047,995.04
2014-08-19,2071.14,1043.26,990.72
2014-08-20,2072.78,1040.68,988.01
2014-08-21,2044.21,1040.74,988.08
2014-08-22,2056.7,1045.76,993.69
2014-08-23,2056.7,1045.65,993.57
2014-08-24,2056.7,1044.66,992.5
2014-08-25,2060.89,1046.83,994.99
2014-08-26,2068.05,1046.68,994.83
2014-08-27,2074.93,1048.87,997.3
2014-08-28,2075.76,1048.88,997.32
2014-08-29,2068.54,1048.85,997.28
2014-08-30,2068.54,1047.61,995.83
2014-08-31,2068.54,1048.64,996.95
2014-09-01,2067.86,1048.31,996.62
2014-09-02,2051.58,1049.98,998.38
2014-09-03,2051.2,1047.96,996.22
2014-09-04,2056.26,1051.02,999.28
2014-09-05,2049.41,1051.41,999.74
2014-09-06,2049.41,1049.88,998.04
2014-09-07,2049.41,1048.19,996.15
2014-09-08,2049.41,1048.72,996.72
2014-09-09,2049.41,1051.28,999.61
2014-09-10,2049.41,1052.84,1001.32
2014-09-11,2034.16,1053.33,1001.85
2014-09-12,2041.86,1052.13,1000.59
2014-09-13,2041.86,1053.93,1002.45
2014-09-14,2041.86,1052.5,1000.9
2014-09-15,2035.82,1051.36,999.63
2014-09-16,2042.92,1053.06,1001.58
2014-09-17,2062.61,1052.79,1001.29
2014-09-18,2047.74,1054.83,1003.59
2014-09-19,2053.82,1054.25,1002.92
2014-09-20,2053.82,1055.4,1004.21
2014-09-21,2053.82,1055.9,1004.76
2014-09-22,2039.27,1056.21,1005.09
2014-09-23,2028.91,1056.62,1005.52
2014-09-24,2035.64,1056.09,1004.94
2014-09-25,2034.11,1055.33,1004.14
2014-09-26,2031.64,1055.65,1004.49
2014-09-27,2031.64,1053.07,1001.62
2014-09-28,2031.64,1052.38,1000.83
2014-09-29,2026.6,1053.02,1001.53
2014-09-30,2020.09,1056.35,1005.21
2014-10-01,1991.54,1056.49,1005.36
2014-10-02,1976.16,1058.24,1007.22
2014-10-03,1976.16,1058.27,1007.26
2014-10-04,1976.16,1057.33,1006.28
2014-10-05,1976.16,1057.3,1006.24
2014-10-06,1968.39,1055.04,1003.9
2014-10-07,1972.91,1056.05,1004.96
2014-10-08,1965.25,1054.69,1003.44
2014-10-09,1965.25,1056.71,1005.76
2014-10-10,1940.92,1058.03,1007.29
2014-10-11,1940.92,1057.88,1007.12
2014-10-12,1940.92,1058.28,1007.56
2014-10-13,1927.21,1055.57,1004.5
2014-10-14,1929.25,1052.2,1000.47
2014-10-15,1925.91,1053.11,1001.47
2014-10-16,1918.83,1052.84,1001.18
2014-10-17,1900.66,1053.38,1001.81
2014-10-18,1900.66,1055.48,1004.12
2014-10-19,1900.66,1056.47,1005.25
2014-10-20,1930.06,1055.87,1004.55
2014-10-21,1915.28,1056.2,1004.89
2014-10-22,1936.97,1056.12,1004.8
2014-10-23,1931.65,1057.3,1006.04
2014-10-24,1925.69,1057.3,1006.05
2014-10-25,1925.69,1057.42,1006.18
2014-10-26,1925.69,1058.09,1006.94
2014-10-27,1931.97,1058.41,1007.29
2014-10-28,1925.68,1057.76,1006.57
2014-10-29,1961.17,1055.94,1004.55
2014-10-30,1958.93,1056.78,1005.39
2014-10-31,1964.43,1057.8,1006.54
2014-11-01,1964.43,1059.01,1007.86
2014-11-02,1964.43,1058.93,1007.77
2014-11-03,1952.97,1058.24,1007
2014-11-04,1935.19,1059.18,1008.03
2014-11-05,1931.43,1058.41,1007.17
2014-11-06,1936.48,1060.91,1009.85
2014-11-07,1939.87,1060.43,1009.32
2014-11-08,1939.87,1060.57,1009.47
2014-11-09,1939.87,1061.91,1010.93
2014-11-10,1958.23,1062.49,1011.56
2014-11-11,1963,1062.29,1011.34
2014-11-12,1967.27,1062.51,1011.6
2014-11-13,1960.51,1061.26,1010.22
2014-11-14,1945.14,1061.67,1010.7
2014-11-15,1945.14,1063.81,1013
2014-11-16,1945.14,1063.38,1012.52
2014-11-17,1943.63,1063.51,1012.65
2014-11-18,1967.01,1063.84,1013.03
2014-11-19,1966.87,1062.09,1011.08
2014-11-20,1958.04,1063.41,1012.5
2014-11-21,1964.84,1064.49,1013.72
2014-11-22,1964.84,1064.79,1014.04
2014-11-23,1964.84,1063.88,1012.99
2014-11-24,1978.54,1063.12,1012.14
2014-11-25,1980.21,1062.25,1011.15
2014-11-26,1980.84,1061.87,1010.74
2014-11-27,1982.09,1059.38,1007.93
2014-11-28,1980.78,1059.38,1007.94
2014-11-29,1980.78,1057.96,1006.37
2014-11-30,1980.78,1058.73,1007.24
2014-12-01,1965.22,1063.39,1012.34
2014-12-02,1965.83,1063.62,1012.6
2014-12-03,1969.91,1065.12,1014.18
2014-12-04,1986.61,1064.41,1013.42
2014-12-05,1986.62,1066.25,1015.38
2014-12-06,1986.62,1065.54,1014.65
2014-12-07,1986.62,1065.7,1014.82
2014-12-08,1978.95,1065.36,1014.43
2014-12-09,1970.95,1064.13,1013.06
2014-12-10,1945.56,1065.2,1014.16
2014-12-11,1916.59,1065.48,1014.48
2014-12-12,1921.71,1062.04,1010.67
2014-12-13,1921.71,1060.49,1008.94
2014-12-14,1921.71,1059.12,1007.47
2014-12-15,1920.36,1057.27,1005.31
2014-12-16,1904.13,1057.69,1005.77
2014-12-17,1900.16,1055.19,1003.17
2014-12-18,1897.5,1056.36,1004.47
2014-12-19,1929.98,1059.27,1007.56
2014-12-20,1929.98,1059.72,1008.04
2014-12-21,1929.98,1059.63,1007.94
2014-12-22,1943.12,1058.45,1006.62
2014-12-23,1939.02,1059.06,1007.24
2014-12-24,1946.61,1056.23,1004.21
2014-12-25,1946.61,1056.79,1004.85
2014-12-26,1948.16,1056.85,1004.92
2014-12-27,1948.16,1059.17,1007.53
2014-12-28,1948.16,1058.94,1007.26
2014-12-29,1927.86,1057.5,1005.7
2014-12-30,1915.59,1056.4,1004.44
2014-12-31,1915.59,1057.42,1005.52
2015-01-01,1915.59,1056.08,1004.02
2015-01-02,1926.44,1059.1,1007.23
2015-01-03,1926.44,1062.92,1011.42
2015-01-04,1926.44,1063.43,1011.98
2015-01-05,1915.75,1064.69,1013.39
2015-01-06,1882.45,1064.3,1012.97
2015-01-07,1883.83,1063.91,1012.52
2015-01-08,1904.65,1064.36,1012.99
2015-01-09,1924.7,1062.56,1010.9
2015-01-10,1924.7,1063.04,1011.43
2015-01-11,1924.7,1065.36,1014.05
2015-01-12,1920.95,1066.38,1015.22
2015-01-13,1917.14,1067.08,1016.01
2015-01-14,1913.66,1067.58,1016.58
2015-01-15,1914.14,1067.37,1016.36
2015-01-16,1888.13,1069.16,1018.16
2015-01-17,1888.13,1069.62,1018.64
2015-01-18,1888.13,1069.55,1018.56
2015-01-19,1902.62,1067.7,1016.5
2015-01-20,1918.31,1063.05,1011.44
2015-01-21,1921.23,1062.63,1011.01
2015-01-22,1920.82,1057.84,1005.72
2015-01-23,1936.09,1061.31,1009.46
2015-01-24,1936.09,1062.36,1010.58
2015-01-25,1936.09,1063.79,1012.19
2015-01-26,1935.68,1063.72,1012.11
2015-01-27,1952.4,1066.07,1014.64
2015-01-28,1961.58,1065.47,1013.95
2015-01-29,1951.02,1061.92,1009.72
2015-01-30,1949.26,1064.43,1012.49
2015-01-31,1949.26,1064.43,1012.5
2015-02-01,1949.26,1066.14,1014.41
2015-02-02,1952.68,1066.16,1014.44
2015-02-03,1951.96,1066.06,1014.33
2015-02-04,1962.79,1066.89,1015.24
2015-02-05,1952.84,1066.65,1014.98
2015-02-06,1955.52,1066.93,1015.28
2015-02-07,1955.52,1067.4,1015.8
2015-02-08,1955.52,1065.72,1013.99
2015-02-09,1947,1067.18,1015.46
2015-02-10,1935.86,1067.32,1015.61
2015-02-11,1945.7,1068.25,1016.64
2015-02-12,1941.63,1068.75,1017.22
2015-02-13,1957.5,1071.28,1020.08
2015-02-14,1957.5,1070.92,1019.7
2015-02-15,1957.5,1071.13,1019.93
2015-02-16,1958.23,1073.28,1022.25
2015-02-17,1961.45,1073,1021.93
2015-02-18,1961.45,1074.65,1023.73
2015-02-19,1961.45,1076.08,1025.35
2015-02-20,1961.45,1075.18,1024.33
2015-02-21,1961.45,1076.32,1025.66
2015-02-22,1961.45,1075.79,1025.11
2015-02-23,1968.39,1076.5,1025.84
2015-02-24,1976.12,1073.94,1023.1
2015-02-25,1990.47,1076.37,1025.91
2015-02-26,1993.08,1077.66,1027.29
2015-02-27,1985.8,1078.95,1028.68
2015-02-28,1985.8,1077.49,1027
2015-03-01,1985.8,1078.67,1028.38
2015-03-02,1996.81,1077.27,1026.86
2015-03-03,2001.38,1077.51,1027.13
2015-03-04,1998.29,1078.79,1028.54
2015-03-05,1998.38,1079.53,1029.4
2015-03-06,2012.94,1080.38,1030.36
2015-03-07,2012.94,1082.24,1032.49
2015-03-08,2012.94,1082.18,1032.42
2015-03-09,1992.82,1083.36,1033.74
2015-03-10,1984.77,1084.07,1034.52
2015-03-11,1980.83,1084.56,1035.06
2015-03-12,1970.59,1084.77,1035.28
2015-03-13,1985.79,1082.91,1033.08
2015-03-14,1985.79,1084.28,1034.5
2015-03-15,1985.79,1085.9,1036.27
2015-03-16,1987.33,1085.28,1035.59
2015-03-17,2029.91,1087.15,1037.7
2015-03-18,2028.45,1089,1039.66
2015-03-19,2037.89,1089.42,1040.14
2015-03-20,2037.24,1088.85,1039.51
2015-03-21,2037.24,1090.09,1040.9
2015-03-22,2037.24,1090.25,1041.08
2015-03-23,2036.59,1089.95,1040.76
2015-03-24,2041.37,1094.14,1045.79
2015-03-25,2042.81,1096.27,1048.24
2015-03-26,2022.56,1099.08,1051.58
2015-03-27,2019.8,1099.51,1052.06
2015-03-28,2019.8,1100.24,1052.86
2015-03-29,2019.8,1097.11,1049.42
2015-03-30,2030.04,1095.73,1047.89
2015-03-31,2041.03,1097.21,1049.43
2015-04-01,2028.45,1095.97,1048.01
2015-04-02,2029.07,1101.29,1054.04
2015-04-03,2045.42,1101.42,1054.19
2015-04-04,2045.42,1105.41,1058.64
2015-04-05,2045.42,1105.64,1058.88
2015-04-06,2046.43,1103.4,1056.29
2015-04-07,2047.03,1104.53,1057.57
2015-04-08,2059.26,1101.94,1054.54
2015-04-09,2058.87,1100.49,1052.95
2015-04-10,2087.76,1099.58,1051.97
2015-04-11,2087.76,1097.58,1049.73
2015-04-12,2087.76,1099.76,1052.05
2015-04-13,2098.92,1098.53,1050.71
2015-04-14,2111.72,1101.6,1054.14
2015-04-15,2119.96,1105.87,1058.73
2015-04-16,2139.9,1109.69,1062.9
2015-04-17,2143.5,1110.94,1064.26
2015-04-18,2143.5,1112.5,1066.15
2015-04-19,2143.5,1115.38,1069.51
2015-04-20,2146.71,1116.69,1070.98
2015-04-21,2144.79,1116.14,1070.37
2015-04-22,2143.89,1118.47,1072.85
2015-04-23,2173.41,1125.61,1080.72
2015-04-24,2159.8,1123.38,1078.42
2015-04-25,2159.8,1120.48,1075.25
2015-04-26,2159.8,1121.23,1076.1
2015-04-27,2157.54,1126.78,1082.06
2015-04-28,2147.67,1127.57,1082.93
2015-04-29,2142.63,1127.89,1083.29
2015-04-30,2127.17,1129.15,1084.74
2015-05-01,2127.17,1124.14,1079.45
2015-05-02,2127.17,1114.85,1068.7
2015-05-03,2127.17,1117.8,1071.92
2015-05-04,2132.23,1120.54,1074.87
2015-05-05,2132.23,1111.05,1064.65
2015-05-06,2104.58,1110.55,1064.08
2015-05-07,2091,1113.42,1067.22
2015-05-08,2085.52,1110.49,1063.99
2015-05-09,2085.52,1111.04,1064.57
2015-05-10,2085.52,1116.18,1070.28
2015-05-11,2097.38,1117.02,1071.24
2015-05-12,2096.77,1107.54,1059.89
2015-05-13,2114.16,1110.49,1063.25
2015-05-14,2120.33,1107.39,1059.71
2015-05-15,2106.5,1094.13,1044.87
2015-05-16,2106.5,1087.19,1037.25
2015-05-17,2106.5,1097.83,1048.58
2015-05-18,2113.72,1098.28,1049.07
2015-05-19,2120.85,1101.01,1052.26
2015-05-20,2139.54,1106.02,1057.94
2015-05-21,2122.81,1104.71,1056.45
2015-05-22,2146.1,1106.04,1057.92
2015-05-23,2146.1,1109.7,1061.69
2015-05-24,2146.1,1109.64,1061.62
2015-05-25,2146.1,1111.5,1063.53
2015-05-26,2143.5,1115.31,1067.62
2015-05-27,2107.5,1115.72,1068.07
2015-05-28,2110.89,1114.96,1067.19
2015-05-29,2114.8,1113.78,1065.84
2015-05-30,2114.8,1116.73,1069.08
2015-05-31,2114.8,1116.09,1068.32
2015-06-01,2102.37,1110.17,1061.25
2015-06-02,2078.64,1111.68,1062.97
2015-06-03,2063.16,1107.09,1057.88
2015-06-04,2072.86,1111.29,1062.37
2015-06-05,2068.1,1113.83,1065.04
2015-06-06,2068.1,1113.99,1065.22
2015-06-07,2068.1,1109.98,1060.57
2015-06-08,2065.19,1118.14,1069.21
2015-06-09,2064.03,1119.41,1070.63
2015-06-10,2051.32,1120.4,1071.74
2015-06-11,2056.61,1123.98,1075.7
2015-06-12,2052.17,1124.06,1075.8
2015-06-13,2052.17,1126.08,1078.05
2015-06-14,2052.17,1133.3,1085.95
2015-06-15,2042.32,1131.45,1084.07
2015-06-16,2028.72,1130.3,1082.68
2015-06-17,2034.86,1132.3,1085.06
2015-06-18,2041.88,1132.59,1085.4
2015-06-19,2046.96,1136,1089.3
2015-06-20,2046.96,1137.87,1091.49
2015-06-21,2046.96,1133.48,1086.75
2015-06-22,2055.16,1133.83,1087.12
2015-06-23,2081.2,1129.87,1082.81
2015-06-24,2085.53,1127.08,1079.66
2015-06-25,2085.06,1129.15,1081.79
2015-06-26,2090.26,1125.26,1077.44
2015-06-27,2090.26,1117.47,1069
2015-06-28,2090.26,1121.89,1074.27
2015-06-29,2060.49,1120.44,1072.53
2015-06-30,2074.2,1125.85,1078.4
2015-07-01,2097.89,1132.37,1085.38
2015-07-02,2107.33,1136.82,1090.24
2015-07-03,2104.41,1135.33,1088.65
2015-07-04,2104.41,1136.74,1090.21
2015-07-05,2104.41,1137.05,1090.57
2015-07-06,2053.93,1131.31,1084.21
2015-07-07,2040.29,1130.53,1083.37
2015-07-08,2016.21,1135.46,1089.2
2015-07-09,2027.81,1135,1088.65
2015-07-10,2031.17,1126.46,1079.43
2015-07-11,2031.17,1128.58,1081.71
2015-07-12,2031.17,1120.83,1073.2
2015-07-13,2061.52,1121.63,1074.04
2015-07-14,2059.23,1126.99,1079.8
2015-07-15,2072.91,1124.29,1076.92
2015-07-16,2087.89,1121.2,1073.64
2015-07-17,2076.79,1117.26,1069.14
2015-07-18,2076.79,1114.47,1066.25
2015-07-19,2076.79,1106.49,1057.45
2015-07-20,2073.31,1105.78,1056.64
2015-07-21,2083.62,1103.49,1053.91
2015-07-22,2064.73,1113.06,1065.29
2015-07-23,2065.07,1113.42,1065.69
2015-07-24,2045.96,1110.17,1061.92
2015-07-25,2045.96,1115.89,1067.85
2015-07-26,2045.96,1118.88,1071.24
2015-07-27,2038.81,1118.6,1070.93
2015-07-28,2039.1,1120.83,1073.49
2015-07-29,2037.62,1123.76,1076.69
2015-07-30,2019.03,1126.16,1079.37
2015-07-31,2030.16,1124.1,1077.01
2015-08-01,2030.16,1121.28,1073.72
2015-08-02,2030.16,1123.7,1076.32
2015-08-03,2008.49,1123.99,1076.62
2015-08-04,2027.99,1122.21,1074.64
2015-08-05,2029.76,1118.8,1070.71
2015-08-06,2013.29,1112.19,1063.11
2015-08-07,2010.23,1114.38,1065.49
2015-08-08,2010.23,1112.31,1063.19
2015-08-09,2010.23,1117.42,1068.56
2015-08-10,2003.17,1122.44,1074.13
2015-08-11,1986.65,1120.87,1072.43
2015-08-12,1975.47,1120.77,1072.32
2015-08-13,1983.46,1118.68,1070.18
2015-08-14,1983.46,1112.98,1063.72
2015-08-15,1983.46,1112.35,1063.06
2015-08-16,1983.46,1113.34,1064.2
2015-08-17,1968.52,1108.67,1058.99
2015-08-18,1956.26,1108.04,1058.32
2015-08-19,1939.38,1110.19,1060.49
2015-08-20,1914.55,1107.35,1057.26
2015-08-21,1876.07,1102.67,1051.8
2015-08-22,1876.07,1101.23,1050.17
2015-08-23,1876.07,1099.46,1048.14
2015-08-24,1829.81,1094.46,1042.68
2015-08-25,1846.63,1097.28,1045.69
2015-08-26,1894.09,1098.25,1046.72
2015-08-27,1908,1092.13,1039.94
2015-08-28,1937.67,1083.26,1030.88
2015-08-29,1937.67,1085.85,1033.51
2015-08-30,1937.67,1089.43,1037.62
2015-08-31,1941.49,1093.25,1041.49
2015-09-01,1914.23,1085.4,1032.58
2015-09-02,1915.22,1087.57,1034.83
2015-09-03,1915.53,1082.43,1029.12
2015-09-04,1886.04,1086.35,1033.37
2015-09-05,1886.04,1087.56,1034.72
2015-09-06,1886.04,1094.17,1041.95
2015-09-07,1883.22,1094.78,1042.66
2015-09-08,1878.68,1087.42,1034.3
2015-09-09,1934.2,1087.5,1034.39
2015-09-10,1962.11,1086.15,1032.9
2015-09-11,1941.37,1094.39,1041.77
2015-09-12,1941.37,1093.6,1040.92
2015-09-13,1941.37,1093.67,1040.99
2015-09-14,1931.46,1096.49,1043.89
2015-09-15,1937.56,1092.42,1039.01
2015-09-16,1975.45,1094.93,1041.73
2015-09-17,1976.49,1092.53,1039.12
2015-09-18,1995.95,1095.84,1042.7
2015-09-19,1995.95,1095.98,1042.85
2015-09-20,1995.95,1097.46,1044.56
2015-09-21,1964.68,1099.11,1046.36
2015-09-22,1982.06,1095.4,1042.51
2015-09-23,1944.64,1090.36,1037.43
2015-09-24,1947.1,1090.74,1037.86
2015-09-25,1942.85,1090.74,1037.86
2015-09-26,1942.85,1093.25,1040.71
2015-09-27,1942.85,1089.08,1036.23
2015-09-28,1942.85,1084.88,1031.67
2015-09-29,1942.85,1086.46,1033.48
2015-09-30,1962.81,1088.77,1036.03
2015-10-01,1979.32,1083.17,1029.5
2015-10-02,1969.68,1081.48,1027.7
2015-10-03,1969.68,1078.65,1024.58
2015-10-04,1969.68,1080.69,1026.82
2015-10-05,1978.25,1085.16,1031.56
2015-10-06,1990.65,1085.29,1031.7
2015-10-07,2005.84,1088.25,1034.98
2015-10-08,2019.53,1089.5,1036.37
2015-10-09,2019.53,1091.96,1039.05
2015-10-10,2019.53,1092.63,1039.76
2015-10-11,2019.53,1092.08,1039.19
2015-10-12,2021.63,1095.1,1042.52
2015-10-13,2019.05,1095.51,1042.96
2015-10-14,2009.55,1095.66,1043.12
2015-10-15,2033.27,1101.4,1048.96
2015-10-16,2030.26,1104.33,1052.27
2015-10-17,2030.26,1104.29,1052.22
2015-10-18,2030.26,1105.08,1053.05
2015-10-19,2030.27,1102.47,1050.15
2015-10-20,2039.36,1103.76,1051.48
2015-10-21,2042.98,1105.91,1053.84
2015-10-22,2023,1101.93,1049.4
2015-10-23,2040.4,1100.97,1048.35
2015-10-24,2040.4,1102.78,1050.18
2015-10-25,2040.4,1104.26,1051.9
2015-10-26,2048.08,1104.51,1052.17
2015-10-27,2044.65,1108.29,1055.98
2015-10-28,2042.51,1106.47,1054.05
2015-10-29,2034.16,1107.76,1055.36
2015-10-30,2029.47,1107.95,1055.58
2015-10-31,2029.47,1111.49,1059.38
2015-11-01,2029.47,1111.86,1059.81
2015-11-02,2035.24,1110.22,1058.01
2015-11-03,2048.4,1111.93,1059.76
2015-11-04,2052.77,1114.89,1062.94
2015-11-05,2049.41,1116.17,1064.39
2015-11-06,2041.07,1115.31,1063.52
2015-11-07,2041.07,1114.04,1062.16
2015-11-08,2041.07,1111,1058.74
2015-11-09,2025.7,1113.93,1061.87
2015-11-10,1996.59,1113.94,1061.89
2015-11-11,1997.27,1119.33,1068.29
2015-11-12,1993.36,1119.74,1068.72
2015-11-13,1973.29,1118.95,1067.79
2015-11-14,1973.29,1116.93,1065.58
2015-11-15,1973.29,1113.51,1062.11
2015-11-16,1943.02,1111.77,1060.22
2015-11-17,1963.58,1110.67,1059.02
2015-11-18,1962.88,1107.23,1055.23
2015-11-19,1988.91,1110.68,1058.69
2015-11-20,1989.86,1107.96,1055.88
2015-11-21,1989.86,1112.81,1061.11
2015-11-22,1989.86,1113.79,1062.2
2015-11-23,2003.7,1113.12,1061.48
2015-11-24,2016.29,1109.78,1057.62
2015-11-25,2009.42,1111.56,1059.65
2015-11-26,2030.68,1111.26,1059.3
2015-11-27,2028.99,1107.99,1055.85
2015-11-28,2028.99,1103.55,1050.72
2015-11-29,2028.99,1104.34,1051.63
2015-11-30,1991.97,1098.47,1045.44
2015-12-01,2023.93,1099.97,1047.15
2015-12-02,2009.29,1101.98,1049.23
2015-12-03,1994.07,1100.75,1047.97
2015-12-04,1974.4,1103.4,1051.07
2015-12-05,1974.4,1099.07,1046.22
2015-12-06,1974.4,1097.67,1044.79
2015-12-07,1963.67,1095.7,1042.72
2015-12-08,1949.04,1095.22,1042.18
2015-12-09,1948.24,1096.11,1043.18
2015-12-10,1952.07,1096.26,1043.36
2015-12-11,1948.62,1091.86,1038.79
2015-12-12,1948.62,1090.84,1037.7
2015-12-13,1948.62,1090.38,1037.21
2015-12-14,1927.82,1085.58,1032.13
2015-12-15,1932.97,1083.43,1029.91
2015-12-16,1969.4,1079.63,1026
2015-12-17,1977.96,1080.18,1026.6
2015-12-18,1975.32,1074.78,1020.46
2015-12-19,1975.32,1072.91,1018.57
2015-12-20,1975.32,1074.54,1020.25
2015-12-21,1981.19,1078.07,1024.2
2015-12-22,1992.56,1077.12,1023.22
2015-12-23,1999.22,1071.52,1016.84
2015-12-24,1990.65,1070.99,1016.29
2015-12-25,1990.65,1073.16,1018.7
2015-12-26,1990.65,1071.18,1016.65
2015-12-27,1990.65,1077.67,1023.65
2015-12-28,1964.06,1077.45,1023.42
2015-12-29,1966.31,1081.26,1027.5
2015-12-30,1961.31,1085.78,1032.33
2015-12-31,1961.31,1082.14,1028.33
2016-01-01,1961.31,1081.85,1028.03
2016-01-02,1961.31,1078.09,1023.75
2016-01-03,1961.31,1079.88,1025.66
2016-01-04,1918.76,1082.03,1027.94
2016-01-05,1930.53,1079.5,1025.14
2016-01-06,1925.43,1075.7,1021.08
2016-01-07,1904.33,1074.62,1019.95
2016-01-08,1917.62,1079.82,1025.67
2016-01-09,1917.62,1078.05,1023.64
2016-01-10,1917.62,1078.46,1024.09
2016-01-11,1894.84,1079.94,1025.8
2016-01-12,1890.86,1079.66,1025.5
2016-01-13,1916.28,1077.92,1023.63
2016-01-14,1900.01,1079.08,1024.83
2016-01-15,1878.87,1078.56,1024.29
2016-01-16,1878.87,1075.35,1020.9
2016-01-17,1878.87,1075.15,1020.68
2016-01-18,1878.45,1071.79,1017.02
2016-01-19,1889.64,1070.14,1015.22
2016-01-20,1845.45,1071.07,1016.17
2016-01-21,1840.53,1069.58,1014.58
2016-01-22,1879.43,1069.81,1014.82
2016-01-23,1879.43,1067.26,1011.79
2016-01-24,1879.43,1067.45,1012
2016-01-25,1893.43,1060.83,1005.27
2016-01-26,1871.69,1061.09,1005.55
2016-01-27,1897.87,1062.99,1007.47
2016-01-28,1906.94,1062.23,1006.67
2016-01-29,1912.06,1059.35,1003.7
2016-01-30,1912.06,1068.56,1012.83
2016-01-31,1912.06,1065.73,1009.7
2016-02-01,1924.82,1067.1,1011.28
2016-02-02,1906.6,1064.15,1008.08
2016-02-03,1890.67,1068.7,1012.6
2016-02-04,1916.26,1058.62,1001.49
2016-02-05,1917.79,1062.89,1005.92
2016-02-06,1917.79,1058.75,1001.51
2016-02-07,1917.79,1067.68,1010.6
2016-02-08,1917.79,1068.45,1011.47
2016-02-09,1917.79,1070.77,1013.98
2016-02-10,1917.79,1072.35,1015.65
2016-02-11,1861.54,1072.97,1016.32
2016-02-12,1835.28,1069.82,1012.94
2016-02-13,1835.28,1067.55,1010.51
2016-02-14,1835.28,1066.08,1009.08
2016-02-15,1862.2,1065.06,1008.01
2016-02-16,1888.3,1062.31,1005.05
2016-02-17,1883.94,1055.1,997.6
2016-02-18,1908.84,1056.46,999.04
2016-02-19,1916.24,1047.66,989.8
2016-02-20,1916.24,1049.22,991.46
2016-02-21,1916.24,1042.85,984.58
2016-02-22,1916.36,1048.4,990.53
2016-02-23,1914.22,1058.36,1001.16
2016-02-24,1912.53,1054.56,997.29
2016-02-25,1918.57,1039.17,980.65
2016-02-26,1920.16,1034.75,975.86
2016-02-27,1920.16,1038.94,980.39
2016-02-28,1920.16,1037.26,978.74
2016-02-29,1916.66,1029.61,971.25
2016-03-01,1916.66,1019.07,960.77
2016-03-02,1947.42,1004.71,946.14
2016-03-03,1958.17,1007.32,948.8
2016-03-04,1955.63,1013.48,954.94
2016-03-05,1955.63,1009.83,951.27
2016-03-06,1955.63,1025.11,967.31
2016-03-07,1957.87,1028.17,970.34
2016-03-08,1946.12,1029.38,971.7
2016-03-09,1952.95,1032.05,974.51
2016-03-10,1969.33,1035.33,977.8
2016-03-11,1971.41,1024.14,965.9
2016-03-12,1971.41,1028.74,970.75
2016-03-13,1971.41,1031.03,973.17
2016-03-14,1972.27,1028.12,969.88
2016-03-15,1969.97,1027.72,969.47
2016-03-16,1974.9,1023.34,965.1
2016-03-17,1987.99,1022.89,964.64
2016-03-18,1992.12,1021.28,963.03
2016-03-19,1992.12,1016,957.54
2016-03-20,1992.12,1013.49,954.91
2016-03-21,1989.76,1005.42,946.16
2016-03-22,1996.81,1012.57,953.57
2016-03-23,1995.12,1007.99,948.67
2016-03-24,1985.97,1009.85,950.56
2016-03-25,1983.81,1016.41,956.94
2016-03-26,1983.81,1020.99,961.7
2016-03-27,1983.81,1022.44,963.16
2016-03-28,1982.54,1020.25,960.77
2016-03-29,1994.91,1015.76,955.97
2016-03-30,2002.14,1015.68,955.88
2016-03-31,1995.85,1013.65,953.71
2016-04-01,1973.57,1016.32,956.52
2016-04-02,1973.57,1027.01,966.62
2016-04-03,1973.57,1027.3,966.91
2016-04-04,1978.97,1032.79,972.17
2016-04-05,1962.74,1033.93,973.32
2016-04-06,1971.32,1026.41,966.1
2016-04-07,1973.89,1033.1,972.88
2016-04-08,1972.05,1033.02,972.79
2016-04-09,1972.05,1034.26,974.08
2016-04-10,1972.05,1034.84,974.68
2016-04-11,1970.37,1035.62,975.51
2016-04-12,1981.32,1035.5,975.39
2016-04-13,1981.32,1030.53,970.55
2016-04-14,2015.93,1028.64,968.6
2016-04-15,2014.71,1027.42,967.35
2016-04-16,2014.71,1027.33,967.26
2016-04-17,2014.71,1027.92,967.86
2016-04-18,2009.1,1032.3,972.72
2016-04-19,2011.36,1034.83,975.3
2016-04-20,2005.83,1037.67,978.37
2016-04-21,2022.1,1042.18,983.08
2016-04-22,2015.49,1038.8,979.36
2016-04-23,2015.49,1035.32,975.94
2016-04-24,2015.49,1032.27,972.79
2016-04-25,2014.55,1033.61,974.24
2016-04-26,2019.63,1035.57,976.2
2016-04-27,2015.4,1026.27,966.79
2016-04-28,2000.93,1029.14,969.84
2016-04-29,1994.15,1031.06,971.79
2016-04-30,1994.15,1027.6,968.4
2016-05-01,1994.15,1024.62,965.15
2016-05-02,1978.15,1026.38,966.91
2016-05-03,1986.41,1023.29,963.55
2016-05-04,1976.71,1032.53,972.77
2016-05-05,1976.71,1033.74,973.96
2016-05-06,1976.71,1032.85,973.01
2016-05-07,1976.71,1030.63,970.75
2016-05-08,1976.71,1032.91,973.25
2016-05-09,1967.81,1037.1,977.67
2016-05-10,1982.5,1035.19,975.7
2016-05-11,1980.1,1040.02,980.77
2016-05-12,1977.49,1038.84,979.52
2016-05-13,1966.99,1038,978.63
2016-05-14,1966.99,1036.44,977.04
2016-05-15,1966.99,1034.84,975.45
2016-05-16,1967.91,1036.27,976.98
2016-05-17,1968.06,1033.9,974.36
2016-05-18,1956.73,1028.3,968.35
2016-05-19,1946.78,1025.88,965.95
2016-05-20,1947.67,1025.27,965.32
2016-05-21,1947.67,1020.13,960.19
2016-05-22,1947.67,1024.39,964.41
2016-05-23,1955.25,1019.8,959.63
2016-05-24,1937.68,1020.62,960.41
2016-05-25,1960.51,1018.96,958.7
2016-05-26,1957.06,1020.01,959.82
2016-05-27,1969.17,1014.77,954.19
2016-05-28,1969.17,1016.04,955.51
2016-05-29,1969.17,1020.19,959.94
2016-05-30,1967.13,1020.22,959.97
2016-05-31,1983.4,1019.82,959.56
2016-06-01,1982.72,1021.85,961.64
2016-06-02,1985.11,1024.46,964.35
2016-06-03,1985.84,1029.36,969.33
2016-06-04,1985.84,1029.77,969.75
2016-06-05,1985.84,1029.04,969.01
2016-06-06,1985.84,1028.75,968.73
2016-06-07,2011.63,1033.63,973.79
2016-06-08,2027.08,1034.35,974.51
2016-06-09,2024.17,1032.99,973.15
2016-06-10,2017.63,1034,974.24
2016-06-11,2017.63,1037.69,978.04
2016-06-12,2017.63,1040.54,981.2
2016-06-13,1979.06,1041.26,981.89
2016-06-14,1972.03,1043.01,983.75
2016-06-15,1968.83,1042.46,983.18
2016-06-16,1951.99,1037.26,977.76
2016-06-17,1953.4,1038.02,978.5
2016-06-18,1953.4,1041.24,981.97
2016-06-19,1953.4,1046.43,987.84
2016-06-20,1981.12,1047.35,988.72
2016-06-21,1982.7,1048.84,990.27
2016-06-22,1992.58,1048.56,989.98
2016-06-23,1986.71,1043.08,984.47
2016-06-24,1925.24,1049.3,991.13
2016-06-25,1925.24,1051.66,993.55
2016-06-26,1925.24,1051.34,993.23
2016-06-27,1926.85,1051.65,993.56
2016-06-28,1936.22,1050.91,992.77
2016-06-29,1956.36,1051.4,993.28
2016-06-30,1970.35,1051.01,992.86
2016-07-01,1987.32,1051.89,993.82
2016-07-02,1987.32,1051.57,993.46
2016-07-03,1987.32,1053.82,995.82
2016-07-04,1995.3,1055.55,997.58
2016-07-05,1989.85,1053.64,995.65
2016-07-06,1953.12,1051.73,993.61
2016-07-07,1974.08,1047.14,988.82
2016-07-08,1963.1,1051.55,993.69
2016-07-09,1963.1,1055.14,997.76
2016-07-10,1963.1,1058.49,1001.32
2016-07-11,1988.54,1057.65,1000.4
2016-07-12,1991.23,1058.51,1001.33
2016-07-13,2005.55,1059.78,1002.63
2016-07-14,2008.77,1060.07,1002.93
2016-07-15,2017.26,1058.5,1001.26
2016-07-16,2017.26,1059.76,1002.66
2016-07-17,2017.26,1055,998
2016-07-18,2021.11,1056.37,999.57
2016-07-19,2016.89,1055.85,999
2016-07-20,2015.46,1060.87,1004.62
2016-07-21,2012.22,1061.85,1005.63
2016-07-22,2010.34,1059.9,1003.72
2016-07-23,2010.34,1057.33,1000.8
2016-07-24,2010.34,1056.9,1000.37
2016-07-25,2012.32,1053.36,996.6
2016-07-26,2027.34,1052.39,995.54
2016-07-27,2025.05,1056.77,999.8
2016-07-28,2021.1,1057.25,1000.28
2016-07-29,2016.19,1059.4,1002.39
2016-07-30,2016.19,1059.01,1001.97
2016-07-31,2016.19,1058.85,1001.81
2016-08-01,2029.61,1054.76,997.06
2016-08-02,2019.03,1056.58,999.04
2016-08-03,1994.79,1056.48,998.93
2016-08-04,2000.03,1053.94,996.21
2016-08-05,2017.94,1059.81,1002.31
2016-08-06,2017.94,1060.31,1002.83
2016-08-07,2017.94,1061.49,1004.1
2016-08-08,2031.12,1059.51,1001.99
2016-08-09,2043.78,1057.78,1000.21
2016-08-10,2044.64,1056.78,999.16
2016-08-11,2048.8,1054.6,996.9
2016-08-12,2050.47,1055.67,997.93
2016-08-13,2050.47,1057.86,1000.4
2016-08-14,2050.47,1053.19,995.56
2016-08-15,2050.47,1053.89,996.3
2016-08-16,2047.76,1057.47,1000.12
2016-08-17,2043.75,1057.85,1000.52
2016-08-18,2055.47,1057.4,1000.06
2016-08-19,2056.24,1057.57,1000.23
2016-08-20,2056.24,1060.26,1003.15
2016-08-21,2056.24,1060.16,1003.04
2016-08-22,2042.16,1061.18,1004.07
2016-08-23,2049.93,1062.72,1005.63
2016-08-24,2043.76,1063.29,1006.22
2016-08-25,2042.92,1062.92,1005.83
2016-08-26,2037.5,1062.91,1005.82
2016-08-27,2037.5,1062.75,1005.65
2016-08-28,2037.5,1056.5,999.52
2016-08-29,2032.35,1057.65,1000.81
2016-08-30,2039.74,1062.05,1005.78
2016-08-31,2034.65,1063.84,1007.65
2016-09-01,2032.72,1064.68,1008.59
2016-09-02,2038.31,1069.32,1013.74
2016-09-03,2038.31,1070.57,1015.07
2016-09-04,2038.31,1071.17,1015.75
2016-09-05,2060.08,1071.27,1015.86
2016-09-06,2066.53,1071.94,1016.61
2016-09-07,2061.88,1074.82,1019.59
2016-09-08,2063.73,1075.25,1020.03
2016-09-09,2037.87,1074.99,1019.74
2016-09-10,2037.87,1076.46,1021.39
2016-09-11,2037.87,1079.24,1024.46
2016-09-12,1991.48,1080,1025.3
2016-09-13,1999.36,1080.26,1025.58
2016-09-14,1999.36,1079.39,1024.69
2016-09-15,1999.36,1079.91,1025.25
2016-09-16,1999.36,1081.07,1026.48
2016-09-17,1999.36,1080.89,1026.29
2016-09-18,1999.36,1081.06,1026.47
2016-09-19,2015.78,1078.84,1024.25
2016-09-20,2025.71,1078.65,1024.04
2016-09-21,2035.99,1082.44,1028.23
2016-09-22,2049.7,1076.62,1022.37
2016-09-23,2054.07,1077.36,1023.16
2016-09-24,2054.07,1077.13,1022.91
2016-09-25,2054.07,1080.89,1026.99
2016-09-26,2047.11,1081.85,1028.08
2016-09-27,2062.82,1085.81,1032.61
2016-09-28,2053.06,1084.41,1031.18
2016-09-29,2068.72,1085.85,1032.71
2016-09-30,2043.63,1084.03,1030.61
2016-10-01,2043.63,1085.08,1031.78
2016-10-02,2043.63,1082.89,1029.52
2016-10-03,2043.63,1086.9,1034.14
2016-10-04,2054.86,1085.62,1032.68
2016-10-05,2053,1085.7,1032.76
2016-10-06,2065.3,1084.98,1031.96
2016-10-07,2053.8,1084.9,1031.87
2016-10-08,2053.8,1086.48,1033.52
2016-10-09,2053.8,1085.27,1032.16
2016-10-10,2056.82,1089.95,1037
2016-10-11,2031.93,1090.79,1037.9
2016-10-12,2033.73,1088.51,1035.57
2016-10-13,2015.44,1090.94,1038.42
2016-10-14,2022.66,1095.15,1042.98
2016-10-15,2022.66,1096.74,1044.78
2016-10-16,2022.66,1096.76,1044.81
2016-10-17,2027.61,1096.32,1044.3
2016-10-18,2040.43,1099.34,1047.67
2016-10-19,2040.94,1098.8,1047.1
2016-10-20,2040.6,1096.52,1044.62
2016-10-21,2033,1096.01,1044.09
2016-10-22,2033,1094.08,1041.94
2016-10-23,2033,1095.82,1043.87
2016-10-24,2047.74,1094.15,1041.94
2016-10-25,2037.17,1090.47,1038.16
2016-10-26,2013.89,1085.44,1032.45
2016-10-27,2024.12,1084.36,1031.27
2016-10-28,2019.42,1084.06,1030.96
2016-10-29,2019.42,1086.03,1033.11
2016-10-30,2019.42,1090.41,1037.8
2016-10-31,2008.19,1089.23,1036.41
2016-11-01,2007.39,1088.18,1035.29
2016-11-02,1978.94,1090.87,1038.2
2016-11-03,1983.8,1092.34,1039.76
2016-11-04,1982.02,1089.9,1037.22
2016-11-05,1982.02,1091.1,1038.47
2016-11-06,1982.02,1092.39,1039.81
2016-11-07,1997.58,1091.57,1038.89
2016-11-08,2003.38,1088.5,1035.35
2016-11-09,1958.38,1089.87,1036.87
2016-11-10,2002.6,1092.5,1039.72
2016-11-11,1984.43,1091.59,1038.71
2016-11-12,1984.43,1086.35,1033.22
2016-11-13,1984.43,1083.18,1029.95
2016-11-14,1974.4,1082.35,1029.05
2016-11-15,1967.53,1079.85,1026.43
2016-11-16,1979.65,1078.77,1025.34
2016-11-17,1980.55,1082.58,1029.37
2016-11-18,1974.58,1079.15,1025.82
2016-11-19,1974.58,1081.89,1028.84
2016-11-20,1974.58,1082.61,1029.63
2016-11-21,1966.05,1083.45,1030.62
2016-11-22,1983.47,1085.11,1032.52
2016-11-23,1987.95,1082.03,1029
2016-11-24,1971.26,1082.19,1029.16
2016-11-25,1974.46,1084.92,1032.35
2016-11-26,1974.46,1084.1,1031.45
2016-11-27,1974.46,1086.48,1034.06
2016-11-28,1978.13,1088.64,1036.48
2016-11-29,1978.39,1088.51,1036.34
2016-11-30,1983.48,1088.47,1036.3
2016-12-01,1983.75,1086.87,1034.44
2016-12-02,1970.61,1087.48,1035.16
2016-12-03,1970.61,1085.82,1033.37
2016-12-04,1970.61,1076.47,1022.85
2016-12-05,1963.36,1080.25,1026.73
2016-12-06,1989.86,1082.41,1029.06
2016-12-07,1991.89,1085.38,1032.27
2016-12-08,2031.07,1088.09,1035.42
2016-12-09,2024.69,1089.2,1036.66
2016-12-10,2024.69,1090.17,1037.7
2016-12-11,2024.69,1089.59,1037.02
2016-12-12,2027.24,1090.39,1037.88
2016-12-13,2035.98,1093.01,1040.8
2016-12-14,2036.87,1093.04,1040.84
2016-12-15,2036.65,1093.71,1041.59
2016-12-16,2042.24,1093.79,1041.68
2016-12-17,2042.24,1093.54,1041.38
2016-12-18,2042.24,1091.23,1039.03
2016-12-19,2038.39,1091.02,1038.8
2016-12-20,2041.94,1090.58,1038.31
2016-12-21,2037.96,1092.19,1039.93
2016-12-22,2035.73,1093.19,1041.06
2016-12-23,2035.9,1095.66,1043.69
2016-12-24,2035.9,1096,1044.06
2016-12-25,2035.9,1094.36,1042.42
2016-12-26,2037.75,1095.75,1044.01
2016-12-27,2042.17,1097.25,1045.7
2016-12-28,2024.49,1096.66,1045.02
2016-12-29,2026.46,1098.35,1046.89
2016-12-30,2026.46,1095.2,1043.45
2016-12-31,2026.46,1096.47,1044.87
2017-01-01,2026.46,1096.09,1044.42
2017-01-02,2026.16,1096.85,1045.26
2017-01-03,2043.97,1093.17,1041.33
2017-01-04,2045.64,1095.1,1043.36
2017-01-05,2041.95,1096.89,1045.41
2017-01-06,2049.12,1097.93,1046.59
2017-01-07,2049.12,1097.69,1046.33
2017-01-08,2049.12,1098.32,1047.05
2017-01-09,2048.78,1099.6,1048.33
2017-01-10,2045.12,1094.64,1042.55
2017-01-11,2075.17,1093.4,1041.24
2017-01-12,2087.14,1089.26,1036.82
2017-01-13,2076.79,1087.51,1034.99
2017-01-14,2076.79,1089.87,1037.74
2017-01-15,2076.79,1085.1,1032.09
2017-01-16,2064.17,1085.48,1032.51
2017-01-17,2071.87,1084.11,1031.04
2017-01-18,2070.54,1086.4,1033.67
2017-01-19,2072.79,1086.26,1033.52
2017-01-20,2065.61,1080.33,1026.7
2017-01-21,2065.61,1078.69,1024.98
2017-01-22,2065.61,1081.22,1027.6
2017-01-23,2065.99,1081.15,1027.52
2017-01-24,2065.76,1084.81,1031.16
2017-01-25,2066.94,1083.92,1030.18
2017-01-26,2083.59,1084.84,1031.17
2017-01-27,2083.59,1088.38,1035.08
2017-01-28,2083.59,1087.55,1034.22
2017-01-29,2083.59,1084.16,1030.42
2017-01-30,2083.59,1088.42,1034.94
2017-01-31,2067.57,1088.57,1035.1
2017-02-01,2080.48,1086.28,1032.42
2017-02-02,2071.01,1083.22,1029.05
2017-02-03,2073.16,1083.93,1029.86
2017-02-04,2073.16,1086.74,1033.03
2017-02-05,2073.16,1087.57,1033.96
2017-02-06,2077.66,1087.14,1033.52
2017-02-07,2075.21,1089.22,1035.6
2017-02-08,2065.08,1092.64,1039.36
2017-02-09,2065.88,1092.72,1039.44
2017-02-10,2075.08,1092.72,1039.44
2017-02-11,2075.08,1091.7,1038.37
2017-02-12,2075.08,1092.23,1038.94
2017-02-13,2078.65,1090.43,1037.02
2017-02-14,2074.57,1090.21,1036.78
2017-02-15,2083.86,1095.03,1041.89
2017-02-16,2081.84,1093.87,1040.65
2017-02-17,2080.58,1095.26,1042.12
2017-02-18,2080.58,1093.45,1040.07
2017-02-19,2080.58,1094.95,1041.64
2017-02-20,2084.39,1094.95,1041.64
2017-02-21,2102.93,1095.82,1042.64
2017-02-22,2106.61,1096.96,1043.83
2017-02-23,2107.63,1096.38,1043.16
2017-02-24,2094.12,1097.15,1044.02
2017-02-25,2094.12,1096.29,1043.15
2017-02-26,2094.12,1100.06,1046.91
2017-02-27,2085.52,1101.14,1048.13
2017-02-28,2091.64,1101.89,1048.96
2017-03-01,2091.64,1101.91,1048.99
2017-03-02,2102.65,1101.72,1048.77
2017-03-03,2078.75,1102.63,1049.71
2017-03-04,2078.75,1101.21,1048.22
2017-03-05,2078.75,1099.2,1045.97
2017-03-06,2081.36,1099.29,1046.07
2017-03-07,2094.05,1102.46,1049.53
2017-03-08,2095.41,1103.41,1050.6
2017-03-09,2091.06,1102.02,1049.08
2017-03-10,2097.35,1098.46,1045.1
2017-03-11,2097.35,1099.83,1046.61
2017-03-12,2097.35,1103.61,1050.61
2017-03-13,2117.59,1102.36,1049.22
2017-03-14,2133.78,1101.99,1048.82
2017-03-15,2133,1104.1,1051.13
2017-03-16,2150.08,1103.77,1050.76
2017-03-17,2164.58,1101.54,1048.38
2017-03-18,2164.58,1100.74,1047.5
2017-03-19,2164.58,1102.51,1049.38
2017-03-20,2157.01,1099.92,1046.5
2017-03-21,2178.38,1099.58,1046.15
2017-03-22,2168.3,1095.46,1041.39
2017-03-23,2172.72,1090.87,1036.08
2017-03-24,2168.95,1094.52,1039.98
2017-03-25,2168.95,1093.2,1038.49
2017-03-26,2168.95,1092.38,1037.63
2017-03-27,2155.66,1096.02,1041.82
2017-03-28,2163.31,1096.29,1042.1
2017-03-29,2166.98,1090.7,1036.07
2017-03-30,2164.64,1089.79,1035.14
2017-03-31,2160.23,1087.98,1033.14
2017-04-01,2160.23,1084.67,1029.46
2017-04-02,2160.23,1086.03,1030.89
2017-04-03,2167.51,1080.89,1025.46
2017-04-04,2161.1,1082.5,1027.33
2017-04-05,2160.85,1085.35,1030.54
2017-04-06,2152.75,1087.37,1032.85
2017-04-07,2151.73,1089.52,1034.99
2017-04-08,2151.73,1088.35,1033.6
2017-04-09,2151.73,1092.72,1037.99
2017-04-10,2133.32,1093.15,1038.42
2017-04-11,2123.85,1089.8,1034.66
2017-04-12,2128.91,1091.37,1036.34
2017-04-13,2148.61,1090.6,1035.55
2017-04-14,2134.88,1091.04,1036.03
2017-04-15,2134.88,1094.35,1039.66
2017-04-16,2134.88,1096.42,1041.96
2017-04-17,2145.76,1096.33,1041.86
2017-04-18,2148.46,1098.22,1043.96
2017-04-19,2138.4,1098.32,1044.07
2017-04-20,2149.15,1098.6,1044.39
2017-04-21,2165.04,1102.04,1048.32
2017-04-22,2165.04,1100.94,1047.1
2017-04-23,2165.04,1100.17,1046.24
2017-04-24,2173.74,1101.93,1048.03
2017-04-25,2196.85,1100.16,1046.23
2017-04-26,2207.84,1100.08,1046.15
2017-04-27,2209.46,1097.16,1042.99
2017-04-28,2205.44,1095.59,1041.31
2017-04-29,2205.44,1093.48,1039.19
2017-04-30,2205.44,1092.02,1037.57
2017-05-01,2205.44,1092.43,1038.01
2017-05-02,2219.67,1094,1039.59
2017-05-03,2219.67,1092.49,1037.84
2017-05-04,2241.24,1095.45,1041.1
2017-05-05,2241.24,1098.84,1044.77
2017-05-06,2241.24,1100.13,1046.16
2017-05-07,2241.24,1100.37,1046.42
2017-05-08,2292.76,1103.22,1049.47
2017-05-09,2292.76,1102.38,1048.61
2017-05-10,2270.12,1100.44,1046.45
2017-05-11,2296.37,1099.48,1045.38
2017-05-12,2286.02,1099.97,1045.92
2017-05-13,2286.02,1101.76,1047.95
2017-05-14,2286.02,1100.23,1046.26
2017-05-15,2290.65,1103.09,1049.57
2017-05-16,2295.33,1104.37,1051
2017-05-17,2293.08,1104.42,1051.05
2017-05-18,2286.82,1105.02,1051.65
2017-05-19,2288.48,1104.64,1051.25
2017-05-20,2288.48,1102.89,1049.27
2017-05-21,2288.48,1105.58,1052.16
2017-05-22,2304.03,1106.63,1053.29
2017-05-23,2311.74,1106.4,1053.04
2017-05-24,2317.34,1105.72,1052.29
2017-05-25,2342.93,1105.68,1052.25
2017-05-26,2355.3,1106.4,1053.07
2017-05-27,2355.3,1105.35,1051.92
2017-05-28,2355.3,1102.48,1048.93
2017-05-29,2352.97,1098.05,1043.67
2017-05-30,2343.68,1100.79,1046.68
2017-05-31,2347.38,1100.32,1046.16
2017-06-01,2344.61,1101.6,1047.58
2017-06-02,2371.72,1102.43,1048.5
2017-06-03,2371.72,1105.11,1051.46
2017-06-04,2371.72,1104.42,1050.78
2017-06-05,2368.62,1103.56,1049.83
2017-06-06,2368.62,1102.82,1049.04
2017-06-07,2360.14,1099.56,1045.6
2017-06-08,2363.57,1098.97,1045
2017-06-09,2381.69,1099.09,1045.12
2017-06-10,2381.69,1102.7,1049.28
2017-06-11,2381.69,1100.01,1046.39
2017-06-12,2357.87,1102.42,1048.87
2017-06-13,2374.7,1103.59,1050.14
2017-06-14,2372.64,1103.93,1050.51
2017-06-15,2361.65,1105.58,1052.19
2017-06-16,2361.83,1105.29,1051.86
2017-06-17,2361.83,1103.93,1050.41
2017-06-18,2361.83,1104.45,1050.99
2017-06-19,2370.9,1106.64,1053.45
2017-06-20,2369.23,1108.91,1055.8
2017-06-21,2357.53,1108.57,1055.44
2017-06-22,2370.37,1109.59,1056.56
2017-06-23,2378.6,1107.92,1054.85
2017-06-24,2378.6,1109.95,1057.08
2017-06-25,2378.6,1110.57,1057.74
2017-06-26,2388.66,1112,1059.31
2017-06-27,2391.95,1113.39,1060.94
2017-06-28,2382.56,1112.66,1060.14
2017-06-29,2395.66,1114.18,1061.79
2017-06-30,2391.79,1114.83,1062.47
2017-07-01,2391.79,1115.35,1063.02
2017-07-02,2391.79,1115.82,1063.5
2017-07-03,2394.48,1116.03,1063.72
2017-07-04,2380.52,1119.12,1067.26
2017-07-05,2388.35,1118.66,1066.79
2017-07-06,2387.81,1118.01,1066.08
2017-07-07,2379.87,1117.06,1065.02
2017-07-08,2379.87,1114.11,1062.01
2017-07-09,2379.87,1114.7,1062.64
2017-07-10,2382.1,1117.79,1066.06
2017-07-11,2396,1118.06,1066.36
2017-07-12,2391.77,1114.46,1062.58
2017-07-13,2409.49,1112.09,1060.14
2017-07-14,2414.63,1113.58,1061.87
2017-07-15,2414.63,1114.23,1062.61
2017-07-16,2414.63,1117.27,1065.79
2017-07-17,2425.1,1119.29,1068.12
2017-07-18,2426.04,1119.49,1068.33
2017-07-19,2429.94,1117.84,1066.51
2017-07-20,2441.84,1117.66,1066.3
2017-07-21,2450.06,1114.53,1062.73
2017-07-22,2450.06,1118.51,1067.11
2017-07-23,2450.06,1118.99,1067.65
2017-07-24,2451.53,1120.83,1069.81
2017-07-25,2439.9,1121.91,1070.93
2017-07-26,2434.51,1122,1071.03
2017-07-27,2443.24,1122.48,1071.53
2017-07-28,2400.99,1122.8,1071.88
2017-07-29,2400.99,1125.65,1074.88
2017-07-30,2400.99,1118.71,1067.14
2017-07-31,2402.71,1119.44,1068.01
2017-08-01,2422.96,1120.26,1068.88
2017-08-02,2427.63,1118.96,1067.5
2017-08-03,2386.85,1118.45,1066.97
2017-08-04,2395.45,1122.09,1070.97
2017-08-05,2395.45,1123.77,1072.91
2017-08-06,2395.45,1124.67,1073.86
2017-08-07,2398.75,1122.95,1072.04
2017-08-08,2394.73,1123.2,1072.31
2017-08-09,2368.39,1123.26,1072.37
2017-08-10,2359.47,1120.34,1069.18
2017-08-11,2319.71,1119.96,1068.79
2017-08-12,2319.71,1120.63,1069.5
2017-08-13,2319.71,1123.56,1072.65
2017-08-14,2334.22,1126.59,1075.88
2017-08-15,2334.22,1128.09,1077.56
2017-08-16,2348.26,1127.78,1077.22
2017-08-17,2361.67,1128.95,1078.51
2017-08-18,2358.37,1127.95,1077.42
2017-08-19,2358.37,1132.42,1082.17
2017-08-20,2358.37,1131.91,1081.56
2017-08-21,2355,1133.32,1083.18
2017-08-22,2365.33,1134.96,1084.98
2017-08-23,2366.4,1135.68,1085.78
2017-08-24,2375.84,1134.74,1084.74
2017-08-25,2378.51,1137.34,1087.61
2017-08-26,2378.51,1137.1,1087.36
2017-08-27,2378.51,1138.88,1089.18
2017-08-28,2370.3,1139.14,1089.46
2017-08-29,2364.74,1139.15,1089.48
2017-08-30,2372.29,1138.1,1088.34
2017-08-31,2363.19,1137.04,1087.15
2017-09-01,2357.69,1138.53,1088.91
2017-09-02,2357.69,1139.83,1090.28
2017-09-03,2357.69,1140.53,1091.04
2017-09-04,2329.65,1142.88,1093.81
2017-09-05,2326.62,1144.7,1095.86
2017-09-06,2319.82,1144.28,1095.44
2017-09-07,2346.19,1143.68,1094.81
2017-09-08,2343.72,1144.51,1095.69
2017-09-09,2343.72,1143.03,1094.12
2017-09-10,2343.72,1144.07,1095.22
2017-09-11,2359.08,1145.03,1096.26
2017-09-12,2365.47,1144.42,1095.59
2017-09-13,2360.18,1146.9,1098.17
2017-09-14,2377.66,1145.92,1096.99
2017-09-15,2386.07,1145.51,1096.53
2017-09-16,2386.07,1148.02,1099.17
2017-09-17,2386.07,1146.69,1097.68
2017-09-18,2418.21,1141.89,1092.53
2017-09-19,2416.05,1143.58,1094.42
2017-09-20,2412.2,1144.2,1095.1
2017-09-21,2406.5,1147.42,1098.66
2017-09-22,2388.71,1147.76,1099.06
2017-09-23,2388.71,1147.11,1098.31
2017-09-24,2388.71,1142.16,1093.04
2017-09-25,2380.4,1142.46,1093.37
2017-09-26,2374.32,1143.83,1094.88
2017-09-27,2372.57,1142.2,1093.16
2017-09-28,2373.14,1139.12,1089.74
2017-09-29,2394.47,1134.18,1084.5
2017-09-30,2394.47,1130.32,1080.34
2017-10-01,2394.47,1135.41,1085.75
2017-10-02,2394.47,1134.84,1085.13
2017-10-03,2394.47,1132.35,1082.23
2017-10-04,2394.47,1131.08,1080.9
2017-10-05,2394.47,1135.13,1085.39
2017-10-06,2394.47,1133.93,1084.13
2017-10-07,2394.47,1129.84,1079.86
2017-10-08,2394.47,1129.03,1078.91
2017-10-09,2394.47,1127.61,1077.33
2017-10-10,2433.81,1128.98,1078.88
2017-10-11,2458.16,1126.21,1075.91
2017-10-12,2474.76,1124.87,1074.44
2017-10-13,2473.62,1129.94,1079.97
2017-10-14,2473.62,1134.27,1084.73
2017-10-15,2473.62,1130.45,1080.69
2017-10-16,2480.05,1132.18,1082.64
2017-10-17,2484.37,1132.58,1083.11
2017-10-18,2482.91,1129.55,1079.74
2017-10-19,2473.06,1126.12,1075.98
2017-10-20,2489.54,1129.69,1079.78
2017-10-21,2489.54,1124,1073.19
2017-10-22,2489.54,1128.84,1078.56
2017-10-23,2490.05,1129.15,1078.9
2017-10-24,2490.49,1131.52,1081.53
2017-10-25,2492.5,1133.74,1083.99
2017-10-26,2480.63,1134.75,1085.16
2017-10-27,2496.63,1134.41,1084.79
2017-10-28,2496.63,1137.24,1087.91
2017-10-29,2496.63,1139.61,1090.61
2017-10-30,2501.93,1140.05,1091.07
2017-10-31,2523.43,1142.01,1093.15
2017-11-01,2556.47,1144.5,1096.05
2017-11-02,2546.36,1146.2,1097.85
2017-11-03,2557.97,1147.83,1099.68
2017-11-04,2557.97,1147.16,1098.97
2017-11-05,2557.97,1148.94,1101.01
2017-11-06,2549.41,1148.33,1100.34
2017-11-07,2545.44,1147.55,1099.4
2017-11-08,2552.4,1148.1,1100.01
2017-11-09,2550.57,1147.6,1099.46
2017-11-10,2542.95,1143.76,1095.21
2017-11-11,2542.95,1147.76,1099.83
2017-11-12,2542.95,1150.09,1102.35
2017-11-13,2530.35,1149.76,1102
2017-11-14,2526.64,1149.14,1101.34
2017-11-15,2518.25,1147.56,1099.61
2017-11-16,2534.79,1153.54,1106.27
2017-11-17,2533.99,1157.02,1110.37
2017-11-18,2533.99,1156.72,1110.03
2017-11-19,2533.99,1158.33,1111.87
2017-11-20,2527.67,1157.2,1110.51
2017-11-21,2530.7,1157.85,1111.25
2017-11-22,2540.51,1157.91,1111.32
2017-11-23,2537.15,1156.37,1109.62
2017-11-24,2544.33,1160.93,1114.42
2017-11-25,2544.33,1157.67,1110.67
2017-11-26,2544.33,1154.72,1107.33
2017-11-27,2507.81,1150.27,1102.65
2017-11-28,2514.19,1149.28,1101.51
2017-11-29,2512.9,1152.79,1105.28
2017-11-30,2476.37,1147.29,1099.09
2017-12-01,2475.41,1146.9,1098.66
2017-12-02,2475.41,1144.76,1096.25
2017-12-03,2475.41,1144.69,1096.18
2017-12-04,2501.67,1148.94,1100.69
2017-12-05,2510.12,1144.06,1095.44
2017-12-06,2474.37,1146.03,1097.67
2017-12-07,2461.98,1139.07,1090.51
2017-12-08,2464,1139.6,1091.12
2017-12-09,2464,1136.69,1087.79
2017-12-10,2464,1143.74,1095.57
2017-12-11,2471.49,1144.68,1096.6
2017-12-12,2461,1143.7,1095.53
2017-12-13,2480.55,1149.8,1101.9
2017-12-14,2469.48,1149.79,1101.88
2017-12-15,2482.07,1145.98,1097.94
2017-12-16,2482.07,1146.04,1098.02
2017-12-17,2482.07,1144.31,1096.11
2017-12-18,2481.88,1141.98,1093.54
2017-12-19,2478.53,1140.08,1091.55
2017-12-20,2472.37,1136.97,1088.17
2017-12-21,2429.83,1137.62,1088.95
2017-12-22,2440.54,1141.16,1092.95
2017-12-23,2440.54,1141.94,1093.78
2017-12-24,2440.54,1136.71,1088.3
2017-12-25,2440.54,1134.29,1085.72
2017-12-26,2427.34,1132.58,1083.83
2017-12-27,2436.67,1136.47,1088.08
2017-12-28,2467.49,1138.36,1090.19
2017-12-29,2467.49,1137.14,1088.87
2017-12-30,2467.49,1141.73,1094.11
2017-12-31,2467.49,1139.08,1091.24
2018-01-01,2467.49,1138.18,1090.22
2018-01-02,2479.65,1142.01,1094.3
2018-01-03,2486.35,1142.49,1094.88
2018-01-04,2466.46,1145.67,1098.59
2018-01-05,2497.52,1148.22,1101.47
2018-01-06,2497.52,1150.25,1103.64
2018-01-07,2497.52,1151.39,1104.84
2018-01-08,2513.28,1152.28,1105.76
2018-01-09,2510.23,1152.26,1105.74
2018-01-10,2499.75,1149.13,1102.09
2018-01-11,2487.91,1143.11,1095.15
2018-01-12,2496.42,1145.22,1097.67
2018-01-13,2496.42,1144.95,1097.37
2018-01-14,2496.42,1146.36,1098.96
2018-01-15,2503.73,1143.69,1096.13
2018-01-16,2521.74,1143.57,1096
2018-01-17,2515.43,1147.16,1099.95
2018-01-18,2515.81,1146.01,1098.71
2018-01-19,2520.26,1149.05,1102.26
2018-01-20,2520.26,1146.44,1099.43
2018-01-21,2520.26,1148.54,1101.81
2018-01-22,2502.11,1149.15,1102.47
2018-01-23,2536.6,1146.84,1099.76
2018-01-24,2538,1144.27,1096.89
2018-01-25,2562.23,1149,1102.36
2018-01-26,2574.76,1142.54,1095.53
2018-01-27,2574.76,1135.52,1088.09
2018-01-28,2574.76,1129.82,1081.68
2018-01-29,2598.19,1120.78,1071.65
2018-01-30,2567.74,1112.32,1062.42
2018-01-31,2566.46,1104.39,1053.3
2018-02-01,2568.54,1104.13,1053.01
2018-02-02,2525.39,1105,1053.93
2018-02-03,2525.39,1101.43,1050.19
2018-02-04,2525.39,1111.85,1062.59
2018-02-05,2491.75,1112.95,1063.84
2018-02-06,2453.31,1108.37,1058.5
2018-02-07,2396.56,1094.72,1043.18
2018-02-08,2407.62,1091.34,1039.39
2018-02-09,2363.77,1099.62,1048.63
2018-02-10,2363.77,1096.98,1045.61
2018-02-11,2363.77,1098.67,1047.55
2018-02-12,2385.38,1100.41,1049.51
2018-02-13,2395.19,1106.85,1056.64
2018-02-14,2421.83,1108.57,1058.58
2018-02-15,2421.83,1112.87,1063.15
2018-02-16,2421.83,1113.06,1063.36
2018-02-17,2421.83,1111.02,1061.19
2018-02-18,2421.83,1100.32,1049.88
2018-02-19,2442.82,1098.17,1047.56
2018-02-20,2415.12,1107.28,1057.52
2018-02-21,2429.65,1109.44,1059.96
2018-02-22,2414.28,1104.91,1054.66
2018-02-23,2451.52,1097.05,1046.42
2018-02-24,2451.52,1100.02,1049.91
2018-02-25,2451.52,1107.88,1058.82
2018-02-26,2457.65,1105.89,1056.51
2018-02-27,2456.14,1107.84,1058.67
2018-02-28,2427.36,1109.72,1060.65
2018-03-01,2427.36,1102.64,1053.42
2018-03-02,2402.16,1090.83,1040.09
2018-03-03,2402.16,1086.61,1035.56
2018-03-04,2402.16,1096.62,1047
2018-03-05,2375.06,1095.23,1045.56
2018-03-06,2411.41,1100.91,1052.08
2018-03-07,2401.82,1100.94,1052.11
2018-03-08,2433.08,1093.13,1043.38
2018-03-09,2459.45,1088.74,1038.88
2018-03-10,2459.45,1094.82,1045.52
2018-03-11,2459.45,1100.61,1051.91
2018-03-12,2484.12,1101.1,1052.44
2018-03-13,2494.49,1104.55,1056.63
2018-03-14,2486.08,1106.23,1058.57
2018-03-15,2492.38,1107.51,1060.04
2018-03-16,2493.97,1108.89,1061.66
2018-03-17,2493.97,1112.37,1065.63
2018-03-18,2493.97,1109.16,1062.07
2018-03-19,2475.03,1111.21,1064.34
2018-03-20,2485.52,1105.33,1057.91
2018-03-21,2484.97,1109.23,1062.24
2018-03-22,2496.02,1116.45,1070.4
2018-03-23,2416.76,1115.51,1069.36
2018-03-24,2416.76,1115.84,1069.72
2018-03-25,2416.76,1119.13,1073.53
2018-03-26,2437.08,1120.23,1074.88
2018-03-27,2452.06,1117.94,1072.11
2018-03-28,2419.29,1117.97,1072.15
2018-03-29,2436.37,1116.34,1070.28
2018-03-30,2445.85,1112.72,1066.15
2018-03-31,2445.85,1120.39,1074.82
2018-04-01,2445.85,1118.91,1073.22
2018-04-02,2444.16,1116.66,1070.79
2018-04-03,2442.43,1117.5,1071.69
2018-04-04,2408.06,1106.04,1058.04
2018-04-05,2437.52,1112.35,1065.28
2018-04-06,2429.58,1117.29,1070.82
2018-04-07,2429.58,1115.41,1068.67
2018-04-08,2429.58,1111.7,1064.43
2018-04-09,2444.08,1113.98,1066.98
2018-04-10,2450.74,1109.32,1061.68
2018-04-11,2444.22,1106.85,1058.82
2018-04-12,2442.71,1107.89,1060.02
2018-04-13,2455.07,1102.13,1053.56
2018-04-14,2455.07,1103.61,1055.22
2018-04-15,2455.07,1101.48,1052.91
2018-04-16,2457.49,1106.55,1058.49
2018-04-17,2453.77,1111.86,1064.32
2018-04-18,2479.98,1110.68,1063
2018-04-19,2486.1,1119.67,1073.88
2018-04-20,2476.33,1119.36,1073.53
2018-04-21,2476.33,1120.26,1074.59
2018-04-22,2476.33,1117.75,1071.83
2018-04-23,2474.11,1119.66,1073.97
2018-04-24,2464.14,1118.5,1072.73
2018-04-25,2448.81,1113.76,1067.21
2018-04-26,2475.64,1117.07,1071.05
2018-04-27,2492.4,1112.44,1065.67
2018-04-28,2492.4,1111.4,1064.51
2018-04-29,2492.4,1106.26,1058.6
2018-04-30,2515.38,1109,1061.76
2018-05-01,2515.38,1101.82,1053.58
2018-05-02,2505.61,1103.64,1055.63
2018-05-03,2487.25,1110.41,1063.52
2018-05-04,2461.38,1110.31,1063.4
2018-05-05,2461.38,1112.97,1066.25
2018-05-06,2461.38,1111.57,1064.69
2018-05-07,2461.38,1109.93,1062.72
2018-05-08,2449.81,1107.5,1060.08
2018-05-09,2443.98,1107.43,1060.01
2018-05-10,2464.16,1107.98,1060.62
2018-05-11,2477.71,1114.46,1067.81
2018-05-12,2477.71,1113.05,1066.27
2018-05-13,2477.71,1112.44,1065.58
2018-05-14,2476.11,1109.69,1062.58
2018-05-15,2458.54,1107.42,1060.03
2018-05-16,2459.82,1110.76,1063.58
2018-05-17,2448.45,1110,1062.71
2018-05-18,2460.65,1112.42,1065.45
2018-05-19,2460.65,1114.01,1067.34
2018-05-20,2460.65,1112.1,1065.14
2018-05-21,2465.57,1116.2,1070.07
2018-05-22,2465.57,1116.2,1070.08
2018-05-23,2471.91,1119.28,1073.68
2018-05-24,2466.01,1123.93,1079.01
2018-05-25,2460.8,1124.39,1079.53
2018-05-26,2460.8,1124.72,1079.91
2018-05-27,2460.8,1125.72,1081.08
2018-05-28,2478.96,1122.57,1077.45
2018-05-29,2457.25,1124.04,1079.17
2018-05-30,2409.03,1124.17,1079.32
2018-05-31,2423.01,1127.2,1082.61
2018-06-01,2438.96,1125.62,1080.8
2018-06-02,2438.96,1125.99,1081.2
2018-06-03,2438.96,1126.79,1082.05
2018-06-04,2447.76,1129.72,1085.36
2018-06-05,2453.76,1131.06,1086.94
2018-06-06,2453.76,1127.99,1083.62
2018-06-07,2470.58,1129.4,1085.3
2018-06-08,2451.58,1129.06,1084.91
2018-06-09,2451.58,1132.13,1088.41
2018-06-10,2451.58,1128.47,1084.24
2018-06-11,2470.15,1132.02,1088.34
2018-06-12,2468.83,1132.13,1088.47
2018-06-13,2468.83,1132.07,1088.4
2018-06-14,2423.48,1132.75,1089.17
2018-06-15,2404.04,1129.88,1086.13
2018-06-16,2404.04,1131.35,1087.76
2018-06-17,2404.04,1127.76,1083.88
2018-06-18,2376.24,1129.62,1086.08
2018-06-19,2340.11,1132.77,1089.9
2018-06-20,2363.91,1133.05,1090.23
2018-06-21,2337.83,1130.57,1087.37
2018-06-22,2357.22,1128.83,1085.39
2018-06-23,2357.22,1126.59,1082.81
2018-06-24,2357.22,1128.91,1085.44
2018-06-25,2357.88,1131.48,1088.23
2018-06-26,2350.92,1129.72,1086.22
2018-06-27,2342.03,1132.63,1089.53
2018-06-28,2314.24,1135.27,1092.68
2018-06-29,2326.13,1135.18,1092.58
2018-06-30,2326.13,1133.79,1091.09
2018-07-01,2326.13,1135.5,1093.13
2018-07-02,2271.54,1134.97,1092.5
2018-07-03,2272.76,1133.29,1090.54
2018-07-04,2265.46,1133.46,1090.73
2018-07-05,2257.55,1133.43,1090.7
2018-07-06,2272.87,1132.95,1090.13
2018-07-07,2272.87,1136.02,1093.34
2018-07-08,2272.87,1135.07,1092.26
2018-07-09,2285.8,1132.71,1089.78
2018-07-10,2294.16,1132.24,1089.23
2018-07-11,2280.62,1134.46,1091.66
2018-07-12,2285.06,1137.62,1095.32
2018-07-13,2310.9,1133.76,1091.12
2018-07-14,2310.9,1135.2,1092.78
2018-07-15,2310.9,1135.2,1092.79
2018-07-16,2301.99,1131.41,1088.78
2018-07-17,2297.92,1130.94,1088.27
2018-07-18,2290.11,1129.62,1086.87
2018-07-19,2282.29,1132.2,1089.82
2018-07-20,2289.19,1130.12,1087.44
2018-07-21,2289.19,1129.01,1086.18
2018-07-22,2289.19,1131.62,1089.06
2018-07-23,2269.31,1131.02,1088.4
2018-07-24,2280.2,1127.67,1084.75
2018-07-25,2273.03,1127.5,1084.55
2018-07-26,2289.06,1126.65,1083.64
2018-07-27,2294.99,1126.7,1083.7
2018-07-28,2294.99,1127.33,1084.41
2018-07-29,2294.99,1129.05,1086.39
2018-07-30,2293.51,1129.86,1087.34
2018-07-31,2295.26,1131.81,1089.67
2018-08-01,2307.07,1131.29,1089.1
2018-08-02,2270.2,1129.82,1087.4
2018-08-03,2287.68,1125.76,1082.47
2018-08-04,2287.68,1127.04,1083.9
2018-08-05,2287.68,1124.98,1081.59
2018-08-06,2286.5,1124.19,1080.7
2018-08-07,2300.16,1120.54,1076.82
2018-08-08,2301.45,1120.63,1076.93
2018-08-09,2303.71,1119,1075.01
2018-08-10,2282.79,1111.82,1066.06
2018-08-11,2282.79,1112.32,1066.6
2018-08-12,2282.79,1104.83,1058.23
2018-08-13,2248.45,1107.34,1060.96
2018-08-14,2258.91,1110.99,1065.22
2018-08-15,2258.91,1108.34,1062.16
2018-08-16,2240.8,1109.01,1062.92
2018-08-17,2247.05,1109.95,1064.02
2018-08-18,2247.05,1113.1,1067.61
2018-08-19,2247.05,1112.56,1066.99
2018-08-20,2247.88,1112.01,1066.34
2018-08-21,2270.06,1111.09,1065.2
2018-08-22,2273.33,1105.26,1058.7
2018-08-23,2282.6,1107.46,1061.17
2018-08-24,2293.21,1113.84,1068.25
2018-08-25,2293.21,1112.24,1066.35
2018-08-26,2293.21,1116.58,1070.89
2018-08-27,2299.3,1114.95,1068.94
2018-08-28,2303.12,1115.53,1069.58
2018-08-29,2309.03,1116.92,1071.2
2018-08-30,2307.35,1115.08,1069.17
2018-08-31,2322.88,1119.58,1074.22
2018-09-01,2322.88,1119.52,1074.15
2018-09-02,2322.88,1121,1075.74
2018-09-03,2307.03,1118.72,1073.18
2018-09-04,2315.72,1112.88,1066.93
2018-09-05,2291.77,1109.87,1063.39
2018-09-06,2287.61,1108.89,1062.3
2018-09-07,2281.58,1109.05,1062.47
2018-09-08,2281.58,1109.16,1062.6
2018-09-09,2281.58,1113.59,1067.7
2018-09-10,2288.66,1113.2,1067.26
2018-09-11,2283.2,1115.39,1069.63
2018-09-12,2282.92,1116.22,1070.57
2018-09-13,2286.23,1116.14,1070.47
2018-09-14,2318.25,1113.82,1067.8
2018-09-15,2318.25,1110.66,1064.44
2018-09-16,2318.25,1109.89,1063.58
2018-09-17,2303.01,1109.4,1063.01
2018-09-18,2308.98,1104.41,1057.49
2018-09-19,2308.46,1108.01,1061.65
2018-09-20,2323.45,1108.57,1062.3
2018-09-21,2339.17,1109.31,1063.14
2018-09-22,2339.17,1105.96,1059.25
2018-09-23,2339.17,1109.48,1063.2
2018-09-24,2339.17,1109.39,1063.1
2018-09-25,2339.17,1105.35,1058.26
2018-09-26,2339.17,1106.15,1059.15
2018-09-27,2355.43,1103.38,1055.79
2018-09-28,2343.07,1105.06,1057.7
2018-09-29,2343.07,1111.09,1064.5
2018-09-30,2343.07,1113.15,1066.79
2018-10-01,2338.88,1117.92,1072.51
2018-10-02,2309.57,1117.49,1072
2018-10-03,2309.57,1115.96,1070.31
2018-10-04,2274.49,1113.17,1067.11
2018-10-05,2267.52,1118.25,1072.88
2018-10-06,2267.52,1118.27,1072.91
2018-10-07,2267.52,1120.58,1075.38
2018-10-08,2253.83,1125.55,1080.83
2018-10-09,2253.83,1126.26,1081.64
2018-10-10,2228.61,1124.2,1079.29
2018-10-11,2129.67,1127.33,1082.97
2018-10-12,2161.85,1127.3,1082.93
2018-10-13,2161.85,1125.51,1081.01
2018-10-14,2161.85,1125.35,1080.83
2018-10-15,2145.12,1124.87,1080.31
2018-10-16,2145.12,1123.66,1079.05
2018-10-17,2167.51,1124.63,1080.14
2018-10-18,2148.31,1121.26,1076.35
2018-10-19,2156.26,1120.35,1075.33
2018-10-20,2156.26,1120.17,1075.12
2018-10-21,2156.26,1121.62,1076.77
2018-10-22,2161.71,1118.61,1073.34
2018-10-23,2106.1,1118.25,1072.93
2018-10-24,2097.58,1118.86,1073.58
2018-10-25,2063.3,1118.26,1072.92
2018-10-26,2027.15,1113.72,1067.97
2018-10-27,2027.15,1114.68,1069.03
2018-10-28,2027.15,1121.37,1076.66
2018-10-29,1996.05,1120.76,1075.99
2018-10-30,2014.69,1120.19,1075.3
2018-10-31,2029.69,1124.17,1079.8
2018-11-01,2024.46,1124.09,1079.72
2018-11-02,2096,1131.12,1087.66
2018-11-03,2096,1130.19,1086.57
2018-11-04,2096,1130.45,1086.84
2018-11-05,2076.92,1130.62,1087.03
2018-11-06,2089.62,1128.24,1084.51
2018-11-07,2078.69,1129.67,1086.05
2018-11-08,2092.63,1129.8,1086.19
2018-11-09,2086.09,1128.38,1084.63
2018-11-10,2086.09,1126.95,1083.04
2018-11-11,2086.09,1128,1084.24
2018-11-12,2080.44,1128.81,1085.09
2018-11-13,2071.23,1128.8,1085.07
2018-11-14,2068.05,1128.28,1084.47
2018-11-15,2088.06,1128.41,1084.61
2018-11-16,2092.4,1126.59,1082.59
2018-11-17,2092.4,1126.17,1082.15
2018-11-18,2092.4,1122.17,1077.66
2018-11-19,2100.56,1120.05,1075.38
2018-11-20,2082.58,1119.7,1074.98
2018-11-21,2076.55,1118.79,1073.95
2018-11-22,2069.95,1121.14,1076.52
2018-11-23,2057.48,1122.95,1078.73
2018-11-24,2057.48,1124.04,1080
2018-11-25,2057.48,1121.75,1077.51
2018-11-26,2083.02,1121.24,1076.91
2018-11-27,2099.42,1119.05,1074.51
2018-11-28,2108.22,1117.27,1072.35
2018-11-29,2114.1,1119.07,1074.39
2018-11-30,2096.86,1115.04,1069.89
2018-12-01,2096.86,1115.47,1070.37
2018-12-02,2096.86,1116.28,1071.22
2018-12-03,2131.93,1117.72,1072.95
2018-12-04,2114.35,1115.57,1070.55
2018-12-05,2101.31,1118.61,1073.86
2018-12-06,2068.69,1117.23,1072.33
2018-12-07,2075.76,1119.82,1075.08
2018-12-08,2075.76,1121.07,1076.51
2018-12-09,2075.76,1117.92,1073.02
2018-12-10,2053.79,1116.6,1071.53
2018-12-11,2052.97,1116.13,1071.02
2018-12-12,2082.57,1114.96,1069.66
2018-12-13,2095.55,1115.77,1070.55
2018-12-14,2069.38,1113.04,1067.28
2018-12-15,2069.38,1111.9,1066.01
2018-12-16,2069.38,1113.97,1068.47
2018-12-17,2071.09,1115.64,1070.39
2018-12-18,2062.11,1115,1069.7
2018-12-19,2078.84,1117.35,1072.33
2018-12-20,2060.12,1119.16,1074.28
2018-12-21,2061.49,1118.49,1073.56
2018-12-22,2061.49,1121.03,1076.37
2018-12-23,2061.49,1119.5,1074.68
2018-12-24,2055.01,1122.18,1077.85
2018-12-25,2055.01,1121.75,1077.36
2018-12-26,2028.01,1122.87,1078.75
2018-12-27,2028.44,1122.23,1077.95
2018-12-28,2041.04,1123.82,1079.8
2018-12-29,2041.04,1124.38,1080.47
2018-12-30,2041.04,1125.79,1082.05
2018-12-31,2041.04,1126,1082.3
2019-01-01,2041.04,1126.93,1083.45
2019-01-02,2010,1128.34,1085.07
2019-01-03,1993.7,1132,1089.34
2019-01-04,2010.25,1130.9,1088.02
2019-01-05,2010.25,1129.35,1086.2
2019-01-06,2010.25,1130.73,1087.76
2019-01-07,2037.1,1131.2,1088.32
2019-01-08,2025.27,1128.61,1085.49
2019-01-09,2064.71,1128.8,1085.71
2019-01-10,2063.28,1128.67,1085.56
2019-01-11,2075.57,1129.31,1086.31
2019-01-12,2075.57,1130.43,1087.63
2019-01-13,2075.57,1135.34,1093.08
2019-01-14,2064.52,1133.91,1091.45
2019-01-15,2097.18,1132.69,1090.09
2019-01-16,2106.1,1132.53,1089.9
2019-01-17,2107.06,1130.68,1087.92
2019-01-18,2124.28,1129.68,1086.81
2019-01-19,2124.28,1131.57,1088.87
2019-01-20,2124.28,1130.04,1087.2
2019-01-21,2124.61,1131.4,1088.67
2019-01-22,2117.77,1128.25,1085.1
2019-01-23,2127.78,1127.39,1084.15
2019-01-24,2145.03,1127.04,1083.75
2019-01-25,2177.73,1128.49,1085.44
2019-01-26,2177.73,1128.13,1085.03
2019-01-27,2177.73,1129.56,1086.73
2019-01-28,2177.3,1127.92,1084.81
2019-01-29,2183.36,1125.79,1082.33
2019-01-30,2206.2,1123.25,1079.56
2019-01-31,2204.85,1121.95,1078.08
2019-02-01,2203.46,1124.18,1080.57
2019-02-02,2203.46,1125.25,1081.85
2019-02-03,2203.46,1124.9,1081.43
2019-02-04,2203.46,1124.51,1081
2019-02-05,2203.46,1123.84,1080.22
2019-02-06,2203.46,1121.9,1078.13
2019-02-07,2203.42,1121.46,1077.61
2019-02-08,2177.05,1121.17,1077.28
2019-02-09,2177.05,1124.09,1080.33
2019-02-10,2177.05,1123.67,1079.88
2019-02-11,2180.73,1127.37,1084.28
2019-02-12,2190.47,1127.84,1084.79
2019-02-13,2201.48,1127.98,1084.95
2019-02-14,2225.85,1127.99,1084.97
2019-02-15,2196.09,1128.45,1085.52
2019-02-16,2196.09,1133.62,1091.43
2019-02-17,2196.09,1132.46,1090.14
2019-02-18,2210.89,1132.74,1090.43
2019-02-19,2205.63,1131.7,1089.24
2019-02-20,2229.76,1130.51,1087.93
2019-02-21,2228.66,1130.82,1088.28
2019-02-22,2230.5,1133.52,1091.27
2019-02-23,2230.5,1131.9,1089.41
2019-02-24,2230.5,1132.24,1089.82
2019-02-25,2232.56,1132.91,1090.56
2019-02-26,2226.6,1130.68,1087.97
2019-02-27,2234.79,1130.48,1087.75
2019-02-28,2195.44,1130.08,1087.3
2019-03-01,2195.44,1128.58,1085.54
2019-03-02,2195.44,1129.42,1086.49
2019-03-03,2195.44,1129.45,1086.53
2019-03-04,2190.66,1127.19,1083.91
2019-03-05,2179.23,1125.01,1081.21
2019-03-06,2175.6,1126.36,1082.73
2019-03-07,2165.79,1123.76,1079.87
2019-03-08,2137.44,1122.64,1078.63
2019-03-09,2137.44,1122.21,1078.15
2019-03-10,2137.44,1126,1082.64
2019-03-11,2138.1,1126.9,1083.61
2019-03-12,2157.18,1128.03,1084.99
2019-03-13,2148.41,1128.03,1084.99
2019-03-14,2155.68,1129.45,1086.56
2019-03-15,2176.11,1128.44,1085.38
2019-03-16,2176.11,1127.11,1083.85
2019-03-17,2176.11,1126.72,1083.4
2019-03-18,2179.49,1123.83,1080
2019-03-19,2177.62,1119.88,1075.67
2019-03-20,2177.1,1119.53,1075.28
2019-03-21,2184.88,1119.65,1075.42
2019-03-22,2186.95,1121.24,1077.25
2019-03-23,2186.95,1122.94,1079.05
2019-03-24,2186.95,1119.35,1074.97
2019-03-25,2144.86,1118.89,1074.47
2019-03-26,2148.8,1119.12,1074.73
2019-03-27,2145.62,1118.87,1074.46
2019-03-28,2128.1,1115.59,1070.85
2019-03-29,2140.67,1116.39,1071.82
2019-03-30,2140.67,1118.79,1074.49
2019-03-31,2140.67,1117.45,1073.07
2019-04-01,2168.28,1119.26,1075.14
2019-04-02,2177.18,1121.62,1077.78
2019-04-03,2203.27,1120.35,1076.26
2019-04-04,2206.53,1119.62,1075.43
2019-04-05,2209.61,1122.72,1079
2019-04-06,2209.61,1121.98,1078.14
2019-04-07,2209.61,1122.96,1079.24
2019-04-08,2210.6,1122.24,1078.37
2019-04-09,2213.56,1121.02,1076.95
2019-04-10,2224.39,1121.17,1077.12
2019-04-11,2224.44,1124.31,1080.75
2019-04-12,2233.45,1119.84,1075.88
2019-04-13,2233.45,1120.36,1076.45
2019-04-14,2233.45,1122.95,1079.65
2019-04-15,2242.88,1123.22,1079.96
2019-04-16,2248.63,1125.36,1082.42
2019-04-17,2245.89,1125,1082.03
2019-04-18,2213.77,1124.62,1081.6
2019-04-19,2216.15,1126.4,1083.65
2019-04-20,2216.15,1123.27,1080.17
2019-04-21,2216.15,1123.85,1080.81
2019-04-22,2216.65,1124.65,1081.66
2019-04-23,2220.51,1124.99,1082.06
2019-04-24,2201.03,1127.16,1084.48
2019-04-25,2190.5,1127.43,1084.76
2019-04-26,2179.31,1127.67,1085.02
2019-04-27,2179.31,1126.61,1083.8
2019-04-28,2179.31,1126.82,1084.06
2019-04-29,2216.43,1123.27,1080
2019-04-30,2203.59,1118.37,1074.31
2019-05-01,2203.59,1119.29,1075.33
2019-05-02,2212.75,1117.44,1073.32
2019-05-03,2196.32,1115.95,1071.55
2019-05-04,2196.32,1112.45,1067.5
2019-05-05,2196.32,1113.26,1068.41
2019-05-06,2196.32,1112.71,1067.78
2019-05-07,2176.99,1114.87,1070.12
2019-05-08,2168.01,1113.34,1068.4
2019-05-09,2102.01,1108.45,1063.35
2019-05-10,2108.04,1105.27,1059.68
2019-05-11,2108.04,1102.55,1056.46
2019-05-12,2108.04,1101.05,1054.78
2019-05-13,2079.01,1100.83,1054.55
2019-05-14,2081.84,1107.3,1061.75
2019-05-15,2092.78,1110.69,1065.52
2019-05-16,2067.69,1109.61,1064.28
2019-05-17,2055.8,1109.37,1064.01
2019-05-18,2055.8,1105.64,1059.85
2019-05-19,2055.8,1107.37,1061.88
2019-05-20,2055.71,1106.16,1060.52
2019-05-21,2061.25,1104.12,1058.36
2019-05-22,2064.86,1105.8,1060.12
2019-05-23,2059.59,1105.17,1059.42
2019-05-24,2045.31,1112.06,1066.98
2019-05-25,2045.31,1110.97,1065.75
2019-05-26,2045.31,1111.61,1066.47
2019-05-27,2044.21,1110.26,1064.98
2019-05-28,2048.83,1112.74,1067.83
2019-05-29,2023.32,1111,1065.82
2019-05-30,2038.8,1110.22,1064.88
2019-05-31,2041.74,1111.21,1066.1
2019-06-01,2041.74,1114.34,1069.61
2019-06-02,2041.74,1115.38,1070.83
2019-06-03,2067.85,1115.26,1070.7
2019-06-04,2066.97,1115.34,1070.78
2019-06-05,2069.11,1114.15,1069.51
2019-06-06,2069.11,1116.22,1071.8
2019-06-07,2072.33,1115.53,1070.96
2019-06-08,2072.33,1116.35,1071.83
2019-06-09,2072.33,1116.74,1072.27
2019-06-10,2099.49,1115.81,1071.15
2019-06-11,2111.81,1114.49,1069.61
2019-06-12,2108.75,1110.89,1065.35
2019-06-13,2103.15,1111.46,1066.03
2019-06-14,2095.41,1111.22,1065.76
2019-06-15,2095.41,1111.81,1066.4
2019-06-16,2095.41,1115.75,1070.94
2019-06-17,2090.73,1117.14,1072.61
2019-06-18,2098.71,1116.58,1071.99
2019-06-19,2124.78,1116.28,1071.64
2019-06-20,2131.29,1112.74,1067.83
2019-06-21,2125.62,1110.29,1065.12
2019-06-22,2125.62,1108.42,1062.88
2019-06-23,2125.62,1111.23,1065.84
2019-06-24,2126.33,1113.37,1068.21
2019-06-25,2121.64,1113.37,1068.21
2019-06-26,2121.85,1113.33,1068.16
2019-06-27,2134.32,1116.3,1071.36
2019-06-28,2130.62,1118.88,1074.16
2019-06-29,2130.62,1118.35,1073.52
2019-06-30,2130.62,1119.13,1074.45
2019-07-01,2129.74,1119.22,1074.55
2019-07-02,2122.02,1121.46,1076.95
2019-07-03,2096.02,1122.02,1077.61
2019-07-04,2108.73,1124.7,1080.62
2019-07-05,2110.59,1127.48,1083.72
2019-07-06,2110.59,1128.51,1084.89
2019-07-07,2110.59,1128.45,1084.82
2019-07-08,2064.17,1127.04,1083.25
2019-07-09,2052.03,1129.67,1086.24
2019-07-10,2058.78,1128.47,1084.95
2019-07-11,2080.58,1128.89,1085.42
2019-07-12,2086.66,1128.71,1085.23
2019-07-13,2086.66,1127.45,1083.82
2019-07-14,2086.66,1128.58,1085.02
2019-07-15,2082.48,1128.81,1085.29
2019-07-16,2091.87,1126.99,1083.14
2019-07-17,2072.92,1127.51,1083.74
2019-07-18,2066.55,1127.85,1084.14
2019-07-19,2094.36,1127.77,1084.05
2019-07-20,2094.36,1127.83,1084.12
2019-07-21,2094.36,1128.94,1085.38
2019-07-22,2093.34,1128.72,1085.14
2019-07-23,2101.45,1131.97,1088.8
2019-07-24,2082.3,1131.47,1088.23
2019-07-25,2074.48,1134.47,1091.64
2019-07-26,2066.26,1133.75,1090.83
2019-07-27,2066.26,1134.97,1092.23
2019-07-28,2066.26,1136.43,1093.86
2019-07-29,2029.48,1136.41,1093.84
2019-07-30,2038.68,1136.31,1093.72
2019-07-31,2024.55,1133.44,1090.64
2019-08-01,2017.34,1134.62,1092.05
2019-08-02,1998.13,1132.88,1090.07
2019-08-03,1998.13,1134.86,1092.45
2019-08-04,1998.13,1135.35,1092.98
2019-08-05,1946.98,1136.38,1094.18
2019-08-06,1917.5,1132.16,1089.33
2019-08-07,1909.71,1133.76,1091.08
2019-08-08,1920.61,1131.89,1089.02
2019-08-09,1937.75,1130.38,1087.3
2019-08-10,1937.75,1130.08,1086.94
2019-08-11,1937.75,1128.93,1085.63
2019-08-12,1942.29,1126.29,1082.78
2019-08-13,1925.83,1125.93,1082.39
2019-08-14,1938.37,1128.41,1085.08
2019-08-15,1938.37,1124.26,1080.01
2019-08-16,1927.17,1124.63,1080.43
2019-08-17,1927.17,1129.56,1086.04
2019-08-18,1927.17,1130.33,1086.89
2019-08-19,1939.9,1132.82,1089.64
2019-08-20,1960.25,1130.92,1087.47
2019-08-21,1964.65,1127.94,1083.9
2019-08-22,1951.01,1129.46,1085.65
2019-08-23,1948.3,1130.62,1087.05
2019-08-24,1948.3,1131.51,1088.14
2019-08-25,1948.3,1132.29,1089.04
2019-08-26,1916.31,1134.62,1091.74
2019-08-27,1924.6,1134.5,1091.61
2019-08-28,1941.09,1132.69,1089.64
2019-08-29,1933.41,1130.34,1086.84
2019-08-30,1967.79,1127.23,1083.45
2019-08-31,1967.79,1126.87,1083.05
2019-09-01,1967.79,1126.52,1082.64
2019-09-02,1969.19,1129.1,1085.77
2019-09-03,1965.69,1128.18,1084.68
2019-09-04,1988.53,1126.33,1082.56
2019-09-05,2004.75,1124.91,1081
2019-09-06,2009.13,1124.04,1080.02
2019-09-07,2009.13,1123.92,1079.87
2019-09-08,2009.13,1124.63,1080.68
2019-09-09,2019.55,1125.81,1081.96
2019-09-10,2032.08,1126,1082.18
2019-09-11,2049.2,1126.91,1083.23
2019-09-12,2049.2,1128.66,1085.24
2019-09-13,2049.2,1128.95,1085.57
2019-09-14,2049.2,1128.57,1085.14
2019-09-15,2049.2,1128.71,1085.3
2019-09-16,2062.22,1129.52,1086.25
