"Date","Apple","Google","MSFT","Increase"
"2010-01-04",214.009998,626.750011,30.950001,TRUE
"2010-01-05",214.379993,623.990017,30.959999,TRUE
"2010-01-06",210.969995,608.259974,30.77,FALSE
"2010-01-07",210.58,594.100015,30.450001,FALSE
"2010-01-08",211.980005,602.020005,30.66,TRUE
"2010-01-11",210.110003,601.110027,30.27,FALSE
"2010-01-12",207.720001,590.480042,30.07,FALSE
"2010-01-13",210.650002,587.090003,30.35,TRUE
"2010-01-14",209.43,589.849997,30.959999,FALSE
"2010-01-15",205.93,579.999993,30.860001,FALSE
"2010-01-19",215.039995,587.61999,31.1,TRUE
"2010-01-20",211.73,580.410044,30.59,FALSE
"2010-01-21",208.069996,582.979982,30.01,FALSE
"2010-01-22",197.75,550.009993,28.959999,FALSE
"2010-01-25",203.070002,539.999994,29.32,TRUE
"2010-01-26",205.940001,542.419996,29.5,TRUE
"2010-01-27",207.880005,542.100004,29.67,TRUE
"2010-01-28",199.289995,534.290011,29.16,FALSE
"2010-01-29",192.060003,529.939995,28.18,FALSE
"2010-02-01",194.729998,533.020042,28.41,TRUE
"2010-02-02",195.859997,531.120028,28.459999,TRUE
"2010-02-03",199.229994,540.820035,28.629999,TRUE
"2010-02-04",192.050003,526.780011,27.84,FALSE
"2010-02-05",195.460001,531.290023,28.02,TRUE
"2010-02-08",194.119997,533.470031,27.719999,FALSE
"2010-02-09",196.190004,536.44002,28.01,TRUE
"2010-02-10",195.120007,534.450007,27.99,FALSE
"2010-02-11",198.669994,536.400021,28.120001,TRUE
"2010-02-12",200.379993,533.12004,27.93,TRUE
"2010-02-16",203.399996,541.300023,28.35,TRUE
"2010-02-17",202.550003,538.209976,28.59,FALSE
"2010-02-18",202.929998,543.219976,28.969999,TRUE
"2010-02-19",201.669996,540.759975,28.77,FALSE
"2010-02-22",200.419994,542.799986,28.73,FALSE
"2010-02-23",197.059998,535.069992,28.33,FALSE
"2010-02-24",200.66,531.470019,28.629999,TRUE
"2010-02-25",202.000004,526.43002,28.6,TRUE
"2010-02-26",204.619997,526.800011,28.67,TRUE
"2010-03-01",208.990004,532.689989,29.02,TRUE
"2010-03-02",208.85,541.060029,28.459999,FALSE
"2010-03-03",209.329998,545.319986,28.459999,TRUE
"2010-03-04",210.710003,554.590004,28.629999,TRUE
"2010-03-05",218.950005,564.210013,28.59,TRUE
"2010-03-08",219.079994,562.479994,28.629999,TRUE
"2010-03-09",223.020004,560.189989,28.799999,TRUE
"2010-03-10",224.839993,576.450019,28.969999,TRUE
"2010-03-11",225.500008,581.140026,29.18,TRUE
"2010-03-12",226.600006,579.540005,29.27,TRUE
"2010-03-15",223.839996,563.179977,29.290001,FALSE
"2010-03-16",224.449997,565.199989,29.370001,TRUE
"2010-03-17",224.120003,565.55998,29.629999,FALSE
"2010-03-18",224.650002,566.40002,29.610001,TRUE
"2010-03-19",222.25,559.999994,29.59,FALSE
"2010-03-22",224.750004,557.499994,29.6,TRUE
"2010-03-23",228.359993,549.000018,29.879999,TRUE
"2010-03-24",229.370003,557.329998,29.65,TRUE
"2010-03-25",226.649994,562.879984,30.01,FALSE
"2010-03-26",230.899998,562.689989,29.66,TRUE
"2010-03-29",232.389992,562.449995,29.59,TRUE
"2010-03-30",235.849991,566.710013,29.77,TRUE
"2010-03-31",235.000011,567.120003,29.290001,FALSE
"2010-04-01",235.969994,568.800023,29.16,TRUE
"2010-04-05",238.489998,571.01003,29.27,TRUE
"2010-04-06",239.540009,568.219976,29.32,TRUE
"2010-04-07",240.600006,563.540029,29.35,TRUE
"2010-04-08",239.950005,567.489994,29.92,FALSE
"2010-04-09",241.789993,566.220025,30.34,TRUE
"2010-04-12",242.290005,572.729988,30.32,TRUE
"2010-04-13",242.430008,586.770011,30.450001,TRUE
"2010-04-14",245.690002,589.000018,30.82,TRUE
"2010-04-15",248.92001,595.299986,30.870001,TRUE
"2010-04-16",247.400002,550.14999,30.67,FALSE
"2010-04-19",247.070007,550.099991,31.040001,FALSE
"2010-04-20",244.590004,555.039993,31.360001,FALSE
"2010-04-21",259.220005,554.300011,31.33,TRUE
"2010-04-22",266.469997,547.060004,31.389999,TRUE
"2010-04-23",270.82999,544.989994,30.959999,TRUE
"2010-04-26",269.5,531.640015,31.110001,FALSE
"2010-04-27",262.039989,529.060017,30.85,FALSE
"2010-04-28",261.600006,529.190014,30.91,FALSE
"2010-04-29",268.640007,532.000006,31,TRUE
"2010-04-30",261.090008,525.699977,30.540001,FALSE
"2010-05-03",266.349995,530.60004,30.860001,TRUE
"2010-05-04",258.679993,506.370022,30.129999,FALSE
"2010-05-05",255.989998,509.76003,29.85,FALSE
"2010-05-06",246.249989,498.669996,28.98,FALSE
"2010-05-07",235.860004,493.140009,28.209999,FALSE
"2010-05-10",253.990005,521.650015,28.940001,TRUE
"2010-05-11",256.519997,509.050017,28.879999,TRUE
"2010-05-12",262.090004,505.390015,29.440001,TRUE
"2010-05-13",258.360012,510.880003,29.24,FALSE
"2010-05-14",253.819988,507.529993,28.93,FALSE
"2010-05-17",254.219997,507.970013,28.940001,TRUE
"2010-05-18",252.360008,498.370004,28.6,FALSE
"2010-05-19",248.339996,494.430008,28.24,FALSE
"2010-05-20",237.759995,475.009994,27.110001,FALSE
"2010-05-21",242.319992,472.050006,26.84,TRUE
"2010-05-24",246.759987,477.160003,26.27,TRUE
"2010-05-25",245.220005,477.070005,26.07,FALSE
"2010-05-26",244.109993,475.470014,25.01,FALSE
"2010-05-27",253.349991,490.460014,26,TRUE
"2010-05-28",256.880005,485.63001,25.799999,TRUE
"2010-06-01",260.830002,482.370028,25.889999,TRUE
"2010-06-02",263.949993,493.370004,26.459999,TRUE
"2010-06-03",263.119987,505.60001,26.860001,FALSE
"2010-06-04",255.960011,498.719995,25.790001,FALSE
"2010-06-07",250.940002,485.520012,25.290001,FALSE
"2010-06-08",249.330006,484.78,25.110001,FALSE
"2010-06-09",243.200012,474.020018,24.790001,FALSE
"2010-06-10",250.510006,487.010006,25,TRUE
"2010-06-11",253.509995,488.5,25.66,TRUE
"2010-06-14",254.279999,483.190008,25.5,TRUE
"2010-06-15",259.690002,497.990013,26.58,TRUE
"2010-06-16",267.249989,501.270024,26.32,TRUE
"2010-06-17",271.869987,500.079992,26.370001,TRUE
"2010-06-18",274.070011,500.030024,26.440001,TRUE
"2010-06-21",270.170002,488.559999,25.950001,FALSE
"2010-06-22",273.850006,486.249994,25.77,TRUE
"2010-06-23",270.969994,482.050005,25.309999,FALSE
"2010-06-24",268.999989,475.100023,25,FALSE
"2010-06-25",266.699989,472.680021,24.530001,FALSE
"2010-06-28",268.299999,472.080005,24.309999,TRUE
"2010-06-29",256.170002,454.260013,23.309999,FALSE
"2010-06-30",251.530003,444.949996,23.01,FALSE
"2010-07-01",248.48,439.490007,23.16,FALSE
"2010-07-02",246.939991,436.549988,23.27,FALSE
"2010-07-06",248.62999,436.069999,23.82,TRUE
"2010-07-07",258.670006,450.20002,24.299999,TRUE
"2010-07-08",258.089993,456.560018,24.41,FALSE
"2010-07-09",259.619987,467.489995,24.27,TRUE
"2010-07-12",257.290001,475.830005,24.83,FALSE
"2010-07-13",251.799995,489.199983,25.129999,FALSE
"2010-07-14",252.730003,491.340023,25.440001,TRUE
"2010-07-15",251.450001,494.020018,25.51,FALSE
"2010-07-16",249.900005,459.610004,24.889999,FALSE
"2010-07-19",245.580013,466.179996,25.23,FALSE
"2010-07-20",251.890011,481.590017,25.48,TRUE
"2010-07-21",254.239998,477.499994,25.120001,TRUE
"2010-07-22",259.02,484.809999,25.84,TRUE
"2010-07-23",259.939995,490.060023,25.809999,TRUE
"2010-07-26",259.280006,488.970019,26.1,FALSE
"2010-07-27",264.080009,492.629991,26.16,TRUE
"2010-07-28",260.959991,484.35001,25.950001,FALSE
"2010-07-29",258.109993,484.990025,26.030001,FALSE
"2010-07-30",257.25,484.849998,25.809999,FALSE
"2010-08-02",261.849998,490.410015,26.33,TRUE
"2010-08-03",261.93,489.829999,26.16,TRUE
"2010-08-04",262.980011,506.319992,25.73,TRUE
"2010-08-05",261.700008,508.10001,25.370001,FALSE
"2010-08-06",260.090012,500.220019,25.549999,FALSE
"2010-08-09",261.749996,505.350016,25.610001,TRUE
"2010-08-10",259.409996,503.710026,25.07,FALSE
"2010-08-11",250.189999,491.740013,24.860001,FALSE
"2010-08-12",251.790009,492.010006,24.49,TRUE
"2010-08-13",249.099987,486.350022,24.4,FALSE
"2010-08-16",247.640007,485.59001,24.5,FALSE
"2010-08-17",251.970013,490.520012,24.709999,TRUE
"2010-08-18",253.070011,482.150003,24.82,TRUE
"2010-08-19",249.880005,467.970014,24.440001,FALSE
"2010-08-20",249.639999,462.020006,24.23,FALSE
"2010-08-23",245.799992,464.070017,24.280001,FALSE
"2010-08-24",239.930004,451.389991,24.040001,FALSE
"2010-08-25",242.889992,454.620004,24.1,TRUE
"2010-08-26",240.279999,450.980001,23.82,FALSE
"2010-08-27",241.620003,458.829993,23.93,TRUE
"2010-08-30",242.499996,452.68999,23.639999,TRUE
"2010-08-31",243.10001,450.020025,23.469999,TRUE
"2010-09-01",250.330002,460.330017,23.9,TRUE
"2010-09-02",252.169991,463.180009,23.940001,TRUE
"2010-09-03",258.770008,470.300018,24.290001,TRUE
"2010-09-07",257.810013,464.400009,23.959999,FALSE
"2010-09-08",262.92001,470.580011,23.93,TRUE
"2010-09-09",263.07,476.179996,24.01,TRUE
"2010-09-10",263.410007,476.139997,23.85,TRUE
"2010-09-13",267.039997,482.27,25.110001,TRUE
"2010-09-14",268.059994,480.430014,25.030001,TRUE
"2010-09-15",270.21999,480.640009,25.120001,TRUE
"2010-09-16",276.569988,481.059999,25.33,TRUE
"2010-09-17",275.369987,490.149991,25.219999,FALSE
"2010-09-20",283.230007,508.280006,25.43,TRUE
"2010-09-21",283.769993,513.460032,25.15,TRUE
"2010-09-22",287.750004,516.000031,24.610001,TRUE
"2010-09-23",288.919991,513.480031,24.43,TRUE
"2010-09-24",292.319988,527.289999,24.780001,TRUE
"2010-09-27",291.159988,530.409984,24.73,FALSE
"2010-09-28",286.859997,527.170002,24.68,FALSE
"2010-09-29",287.369995,527.689989,24.5,TRUE
"2010-09-30",283.749992,525.790036,24.49,FALSE
"2010-10-01",282.520004,525.619979,24.379999,FALSE
"2010-10-04",278.639996,522.349998,23.91,FALSE
"2010-10-05",288.939991,538.229976,24.35,TRUE
"2010-10-06",289.19001,534.35001,24.43,TRUE
"2010-10-07",289.219997,530.009994,24.530001,TRUE
"2010-10-08",294.069988,536.350022,24.57,TRUE
"2010-10-11",295.360004,538.840022,24.59,TRUE
"2010-10-12",298.539997,541.390021,24.83,TRUE
"2010-10-13",300.140007,543.299974,25.34,TRUE
"2010-10-14",302.30999,540.930032,25.23,TRUE
"2010-10-15",314.739994,601.450019,25.540001,TRUE
"2010-10-18",317.999989,617.709988,25.82,TRUE
"2010-10-19",309.489994,607.829985,25.1,FALSE
"2010-10-20",310.529991,607.979981,25.309999,TRUE
"2010-10-21",309.520008,611.990005,25.42,FALSE
"2010-10-22",307.470001,612.529992,25.379999,FALSE
"2010-10-25",308.839993,616.500017,25.190001,TRUE
"2010-10-26",308.049988,618.600027,25.9,FALSE
"2010-10-27",307.830009,616.470018,26.049999,FALSE
"2010-10-28",305.23999,618.580028,26.280001,FALSE
"2010-10-29",300.98,613.700025,26.67,FALSE
"2010-11-01",304.179993,614.999993,26.950001,TRUE
"2010-11-02",309.360004,615.600039,27.389999,TRUE
"2010-11-03",312.800003,620.179988,27.030001,TRUE
"2010-11-04",318.270008,624.270011,27.139999,TRUE
"2010-11-05",317.130009,625.079991,26.85,FALSE
"2010-11-08",318.620003,626.770011,26.809999,TRUE
"2010-11-09",316.079998,624.819997,26.950001,FALSE
"2010-11-10",318.030003,622.879984,26.940001,TRUE
"2010-11-11",316.649998,617.19,26.68,FALSE
"2010-11-12",308.029987,603.290035,26.27,FALSE
"2010-11-15",307.040005,595.469982,26.200001,FALSE
"2010-11-16",301.59,583.720024,25.809999,FALSE
"2010-11-17",300.499989,583.550029,25.57,FALSE
"2010-11-18",308.429996,596.560016,25.84,TRUE
"2010-11-19",306.730011,590.830034,25.690001,FALSE
"2010-11-22",313.359989,591.220024,25.73,TRUE
"2010-11-23",308.730003,583.010042,25.120001,FALSE
"2010-11-24",314.799995,594.969994,25.370001,TRUE
"2010-11-26",315,589.999993,25.25,TRUE
"2010-11-29",316.870003,582.110003,25.309999,TRUE
"2010-11-30",311.150005,555.709976,25.26,FALSE
"2010-12-01",316.400005,564.350009,26.040001,TRUE
"2010-12-02",318.150005,571.82001,26.889999,TRUE
"2010-12-03",317.440002,573.000042,27.02,FALSE
"2010-12-06",320.149998,578.360033,26.84,TRUE
"2010-12-07",318.210007,587.140002,26.870001,FALSE
"2010-12-08",321.009991,590.540041,27.23,TRUE
"2010-12-09",319.760002,591.500018,27.08,FALSE
"2010-12-10",320.559994,592.21,27.34,TRUE
"2010-12-13",321.670006,594.620002,27.25,TRUE
"2010-12-14",320.290001,594.909995,27.620001,FALSE
"2010-12-15",320.359989,590.300047,27.85,TRUE
"2010-12-16",321.249996,591.710012,27.99,TRUE
"2010-12-17",320.610008,590.800035,27.9,FALSE
"2010-12-20",322.209991,595.059992,27.809999,TRUE
"2010-12-21",324.199997,603.07004,28.07,TRUE
"2010-12-22",325.159992,605.490042,28.190001,TRUE
"2010-12-23",323.60001,604.230012,28.299999,FALSE
"2010-12-27",324.680008,602.379996,28.07,TRUE
"2010-12-28",325.470013,598.920019,28.01,TRUE
"2010-12-29",325.290009,601.00003,27.969999,FALSE
"2010-12-30",323.660011,598.860021,27.85,FALSE
"2010-12-31",322.560013,593.970018,27.91,FALSE
"2011-01-03",329.57,604.350009,27.98,TRUE
"2011-01-04",331.290012,602.120002,28.09,TRUE
"2011-01-05",334.000008,609.070016,28,TRUE
"2011-01-06",333.729988,613.50003,28.82,FALSE
"2011-01-07",336.120003,616.440019,28.6,TRUE
"2011-01-10",342.450001,614.210012,28.219999,TRUE
"2011-01-11",341.639996,616.010029,28.110001,FALSE
"2011-01-12",344.420006,616.870008,28.549999,TRUE
"2011-01-13",345.680008,616.690013,28.190001,TRUE
"2011-01-14",348.479992,624.180013,28.299999,TRUE
"2011-01-18",340.650013,639.630002,28.66,FALSE
"2011-01-19",338.840012,631.750011,28.469999,FALSE
"2011-01-20",332.680004,626.770011,28.35,FALSE
"2011-01-21",326.720001,611.830009,28.02,FALSE
"2011-01-24",337.449993,611.080028,28.379999,TRUE
"2011-01-25",341.39999,619.909995,28.450001,TRUE
"2011-01-26",343.850006,616.500017,28.780001,TRUE
"2011-01-27",343.209991,616.79001,28.870001,FALSE
"2011-01-28",336.100002,600.99003,27.75,FALSE
"2011-01-31",339.319996,600.359984,27.73,TRUE
"2011-02-01",345.030006,611.040029,27.99,TRUE
"2011-02-02",344.320004,612.000005,27.940001,FALSE
"2011-02-03",343.44001,610.149989,27.65,FALSE
"2011-02-04",346.5,610.98003,27.77,TRUE
"2011-02-07",351.87999,614.29001,28.200001,TRUE
"2011-02-08",355.200012,618.380032,28.280001,TRUE
"2011-02-09",358.16,616.500017,27.969999,TRUE
"2011-02-10",354.539997,616.440019,27.5,FALSE
"2011-02-11",356.85001,624.500005,27.25,TRUE
"2011-02-14",359.179996,628.150038,27.23,TRUE
"2011-02-15",359.900013,624.150014,26.959999,TRUE
"2011-02-16",363.129993,624.220012,27.02,TRUE
"2011-02-17",358.300003,625.259986,27.209999,FALSE
"2011-02-18",350.560013,630.079991,27.059999,FALSE
"2011-02-22",338.609993,610.209988,26.59,FALSE
"2011-02-23",342.619991,611.320022,26.59,TRUE
"2011-02-24",342.879997,608.820022,26.77,TRUE
"2011-02-25",348.160011,610.039992,26.549999,TRUE
"2011-02-28",353.210007,613.400032,26.58,TRUE
"2011-03-01",349.309998,600.760036,26.16,FALSE
"2011-03-02",352.119995,600.790035,26.08,TRUE
"2011-03-03",359.560005,609.560004,26.200001,TRUE
"2011-03-04",359.999989,600.619978,25.950001,TRUE
"2011-03-07",355.359989,591.660014,25.719999,FALSE
"2011-03-08",355.759998,592.309998,25.91,TRUE
"2011-03-09",352.46999,591.770011,25.889999,FALSE
"2011-03-10",346.669991,580.299986,25.41,FALSE
"2011-03-11",351.990005,576.710013,25.68,TRUE
"2011-03-14",353.560001,569.989994,25.690001,TRUE
"2011-03-15",345.429989,569.560004,25.389999,FALSE
"2011-03-16",330.01001,557.100003,24.790001,FALSE
"2011-03-17",334.639996,561.360021,24.780001,TRUE
"2011-03-18",330.669998,561.060029,24.799999,FALSE
"2011-03-21",339.299995,576.500018,25.33,TRUE
"2011-03-22",341.200012,577.319998,25.299999,TRUE
"2011-03-23",339.190006,582.160002,25.540001,FALSE
"2011-03-24",344.970005,586.890008,25.809999,TRUE
"2011-03-25",351.540009,579.74,25.620001,TRUE
"2011-03-28",350.44001,575.359985,25.41,FALSE
"2011-03-29",350.959995,581.730012,25.49,TRUE
"2011-03-30",348.630009,581.840009,25.610001,FALSE
"2011-03-31",348.510006,586.760011,25.389999,FALSE
"2011-04-01",344.560009,591.80001,25.48,FALSE
"2011-04-04",341.189999,587.679989,25.549999,FALSE
"2011-04-05",338.889999,569.090016,25.780001,FALSE
"2011-04-06",338.039993,574.180013,26.15,FALSE
"2011-04-07",338.079994,579.999993,26.200001,TRUE
"2011-04-08",335.060005,578.160038,26.07,FALSE
"2011-04-11",330.799988,577.369997,25.98,FALSE
"2011-04-12",332.399998,570.609979,25.639999,TRUE
"2011-04-13",336.12999,576.280023,25.629999,TRUE
"2011-04-14",332.419998,578.509969,25.42,FALSE
"2011-04-15",327.459991,530.700038,25.370001,FALSE
"2011-04-18",331.849998,526.84001,25.08,TRUE
"2011-04-19",337.859989,521.530018,25.15,TRUE
"2011-04-20",342.41,525.730037,25.76,TRUE
"2011-04-21",350.699989,525.099992,25.52,TRUE
"2011-04-25",353.010002,525.049993,25.610001,TRUE
"2011-04-26",350.42001,532.819986,26.190001,FALSE
"2011-04-27",350.14999,537.759987,26.379999,FALSE
"2011-04-28",346.749992,537.969982,26.709999,FALSE
"2011-04-29",350.12999,544.100016,25.92,TRUE
"2011-05-02",346.279995,538.560029,25.66,FALSE
"2011-05-03",348.200012,533.890021,25.809999,TRUE
"2011-05-04",349.570004,535.789975,26.059999,TRUE
"2011-05-05",346.749992,534.270012,25.790001,FALSE
"2011-05-06",346.660004,535.299987,25.870001,FALSE
"2011-05-09",347.599998,537.679989,25.83,TRUE
"2011-05-10",349.450001,542.65999,25.67,TRUE
"2011-05-11",347.230003,535.449983,25.360001,FALSE
"2011-05-12",346.569988,535.049993,25.32,FALSE
"2011-05-13",340.499996,529.550005,25.030001,FALSE
"2011-05-16",333.299992,518.420033,24.57,FALSE
"2011-05-17",336.140003,530.460044,24.52,TRUE
"2011-05-18",339.869995,529.809999,24.690001,TRUE
"2011-05-19",340.53001,531.250024,24.719999,TRUE
"2011-05-20",335.220009,524.030018,24.49,FALSE
"2011-05-23",334.39999,518.389972,24.17,FALSE
"2011-05-24",332.190006,518.260036,24.15,FALSE
"2011-05-25",336.779991,519.670002,24.190001,TRUE
"2011-05-26",335.000004,518.129979,24.67,FALSE
"2011-05-27",337.409992,520.900033,24.76,TRUE
"2011-05-31",347.82999,529.020018,25.01,TRUE
"2011-06-01",345.509991,525.599979,24.43,FALSE
"2011-06-02",346.099991,528.05998,24.219999,TRUE
"2011-06-03",343.44001,523.07998,23.91,FALSE
"2011-06-06",338.039993,521.060029,24.01,FALSE
"2011-06-07",332.039989,519.030018,24.059999,FALSE
"2011-06-08",332.239994,519.170014,23.940001,TRUE
"2011-06-09",331.48999,516.730013,23.959999,FALSE
"2011-06-10",325.900009,509.510006,23.709999,FALSE
"2011-06-13",326.599998,504.730001,24.040001,TRUE
"2011-06-14",332.439999,508.370003,24.219999,TRUE
"2011-06-15",326.749989,502.950014,23.74,FALSE
"2011-06-16",325.159992,500.370016,24,FALSE
"2011-06-17",320.259987,485.019994,24.26,FALSE
"2011-06-20",315.320007,484.580005,24.469999,FALSE
"2011-06-21",325.299995,493.000013,24.76,TRUE
"2011-06-22",322.610001,487.010006,24.65,FALSE
"2011-06-23",331.230011,480.22002,24.629999,TRUE
"2011-06-24",326.350006,474.879997,24.299999,FALSE
"2011-06-27",332.039989,482.800018,25.200001,TRUE
"2011-06-28",335.26001,493.649997,25.799999,TRUE
"2011-06-29",334.040009,497.569993,25.620001,FALSE
"2011-06-30",335.670006,506.379991,26,TRUE
"2011-07-01",343.260006,521.03003,26.02,TRUE
"2011-07-05",349.43,532.439995,26.030001,TRUE
"2011-07-06",351.759987,535.359985,26.33,TRUE
"2011-07-07",357.200005,546.600016,26.77,TRUE
"2011-07-08",359.709995,531.990006,26.92,TRUE
"2011-07-11",354.000011,527.279999,26.629999,FALSE
"2011-07-12",353.749992,534.010018,26.540001,FALSE
"2011-07-13",358.019997,538.260036,26.629999,TRUE
"2011-07-14",357.770004,528.94002,26.469999,FALSE
"2011-07-15",364.919994,597.61999,26.780001,TRUE
"2011-07-18",373.800011,594.939995,26.59,TRUE
"2011-07-19",376.849987,602.549992,27.540001,TRUE
"2011-07-20",386.89999,595.349985,27.059999,TRUE
"2011-07-21",387.290012,606.990005,27.1,TRUE
"2011-07-22",393.300003,618.229975,27.530001,TRUE
"2011-07-25",398.499989,618.980018,27.91,TRUE
"2011-07-26",403.410007,622.519992,28.08,TRUE
"2011-07-27",392.59,607.22,27.33,FALSE
"2011-07-28",391.819996,610.940031,27.719999,FALSE
"2011-07-29",390.479992,603.690025,27.4,FALSE
"2011-08-01",396.749989,606.770011,27.27,TRUE
"2011-08-02",388.909996,592.399996,26.799999,FALSE
"2011-08-03",392.57,601.170026,26.92,TRUE
"2011-08-04",377.369999,577.519993,25.940001,FALSE
"2011-08-05",373.620007,579.040017,25.68,FALSE
"2011-08-08",353.210007,546.02003,24.48,FALSE
"2011-08-09",374.010002,573.410032,25.58,TRUE
"2011-08-10",363.690006,549.010018,24.200001,FALSE
"2011-08-11",373.700008,562.130003,25.190001,TRUE
"2011-08-12",376.98999,563.770024,25.1,TRUE
"2011-08-15",383.410004,557.23,25.51,TRUE
"2011-08-16",380.480003,539.000018,25.35,FALSE
"2011-08-17",380.440002,533.149978,25.25,FALSE
"2011-08-18",366.050007,504.879997,24.67,FALSE
"2011-08-19",356.029991,490.920002,24.049999,FALSE
"2011-08-22",356.439987,498.170008,23.98,TRUE
"2011-08-23",373.600006,518.820023,24.719999,TRUE
"2011-08-24",376.180012,523.290036,24.9,TRUE
"2011-08-25",373.720009,520.039993,24.57,FALSE
"2011-08-26",383.579994,526.86001,25.25,TRUE
"2011-08-29",389.969994,539.080016,25.84,TRUE
"2011-08-30",389.989994,540.699977,26.23,TRUE
"2011-08-31",384.830009,540.960031,26.6,FALSE
"2011-09-01",381.030003,532.499994,26.209999,FALSE
"2011-09-02",374.050003,524.839998,25.799999,FALSE
"2011-09-06",379.740013,522.180002,25.51,TRUE
"2011-09-07",383.929989,534.030018,26,TRUE
"2011-09-08",384.140007,534.959995,26.219999,TRUE
"2011-09-09",377.479988,524.849998,25.74,FALSE
"2011-09-12",379.939991,530.119991,25.889999,TRUE
"2011-09-13",384.619991,529.520006,26.040001,TRUE
"2011-09-14",389.299992,532.070004,26.5,TRUE
"2011-09-15",392.959995,542.559992,26.99,TRUE
"2011-09-16",400.500008,546.680014,27.120001,TRUE
"2011-09-19",411.630009,546.670014,27.209999,TRUE
"2011-09-20",413.449997,546.630015,26.98,TRUE
"2011-09-21",412.140007,539.200013,25.99,FALSE
"2011-09-22",401.820011,520.659978,25.059999,FALSE
"2011-09-23",404.299988,525.509982,25.059999,TRUE
"2011-09-26",403.170002,531.890009,25.440001,FALSE
"2011-09-27",399.260006,539.34001,25.67,FALSE
"2011-09-28",397.009995,528.840022,25.58,FALSE
"2011-09-29",390.570007,527.499994,25.450001,FALSE
"2011-09-30",381.319996,515.039993,24.889999,FALSE
"2011-10-03",374.600002,495.520012,24.530001,FALSE
"2011-10-04",372.500008,501.900009,25.34,FALSE
"2011-10-05",378.249992,504.700001,25.889999,TRUE
"2011-10-06",377.369999,514.710001,26.34,FALSE
"2011-10-07",369.799999,515.119991,26.25,FALSE
"2011-10-10",388.809994,537.170002,26.940001,TRUE
"2011-10-11",400.289989,543.179977,27,TRUE
"2011-10-12",402.190006,548.499969,26.959999,TRUE
"2011-10-13",408.429989,558.990018,27.18,TRUE
"2011-10-14",421.999992,591.680013,27.27,TRUE
"2011-10-17",419.990013,582.409995,26.98,FALSE
"2011-10-18",422.239998,590.509981,27.309999,TRUE
"2011-10-19",398.619991,580.699976,27.129999,FALSE
"2011-10-20",395.310009,583.670026,27.040001,FALSE
"2011-10-21",392.870007,590.489981,27.16,FALSE
"2011-10-24",405.770008,596.420019,27.190001,TRUE
"2011-10-25",397.770012,583.159977,26.809999,FALSE
"2011-10-26",400.60001,586.310022,26.59,TRUE
"2011-10-27",404.69001,598.670026,27.25,TRUE
"2011-10-28",404.949989,600.13999,26.98,TRUE
"2011-10-31",404.779999,592.63999,26.629999,FALSE
"2011-11-01",396.51001,578.650026,25.99,FALSE
"2011-11-02",397.410004,584.819998,26.01,TRUE
"2011-11-03",403.07,597.499993,26.530001,TRUE
"2011-11-04",400.240002,596.140026,26.25,FALSE
"2011-11-07",399.730003,608.330034,26.799999,FALSE
"2011-11-08",406.229992,612.339997,27.16,TRUE
"2011-11-09",395.279995,600.950031,26.200001,FALSE
"2011-11-10",385.220005,595.079991,26.280001,FALSE
"2011-11-11",384.619991,608.350033,26.91,FALSE
"2011-11-14",379.260002,613.000042,26.76,FALSE
"2011-11-15",388.829994,616.560016,26.74,TRUE
"2011-11-16",384.770008,611.470018,26.07,FALSE
"2011-11-17",377.41,600.870033,25.540001,FALSE
"2011-11-18",374.94001,594.879996,25.299999,FALSE
"2011-11-21",369.009995,580.940031,25,FALSE
"2011-11-22",376.510006,579.999993,24.790001,TRUE
"2011-11-23",366.990002,570.109991,24.469999,FALSE
"2011-11-25",363.570004,562.999981,24.299999,FALSE
"2011-11-28",376.12001,588.190037,24.870001,TRUE
"2011-11-29",373.199997,582.930044,24.84,FALSE
"2011-11-30",382.199989,599.390008,25.58,TRUE
"2011-12-01",387.93,613.770023,25.280001,TRUE
"2011-12-02",389.700001,620.359984,25.219999,TRUE
"2011-12-05",393.01001,625.650038,25.700001,TRUE
"2011-12-06",390.949989,623.770023,25.66,FALSE
"2011-12-07",389.09,623.390032,25.6,FALSE
"2011-12-08",390.659996,616.050028,25.4,TRUE
"2011-12-09",393.62001,627.419995,25.700001,TRUE
"2011-12-12",391.839996,625.389983,25.51,FALSE
"2011-12-13",388.809994,625.630038,25.76,FALSE
"2011-12-14",380.19001,618.069979,25.59,FALSE
"2011-12-15",378.939995,619.540004,25.559999,FALSE
"2011-12-16",381.019989,625.96003,26,TRUE
"2011-12-19",382.210003,621.830009,25.530001,TRUE
"2011-12-20",395.949997,630.369984,26.030001,TRUE
"2011-12-21",396.450008,625.819973,25.76,TRUE
"2011-12-22",398.550003,629.7,25.809999,TRUE
"2011-12-23",403.330006,633.140038,26.030001,TRUE
"2011-12-27",406.529999,640.250047,26.040001,TRUE
"2011-12-28",402.640003,639.7,25.82,FALSE
"2011-12-29",405.120007,642.399995,26.02,TRUE
"2011-12-30",405.000004,645.900032,25.959999,FALSE
"2012-01-03",411.23,665.409982,26.77,TRUE
"2012-01-04",413.44001,668.279973,27.4,TRUE
"2012-01-05",418.029995,659.010017,27.68,TRUE
"2012-01-06",422.400002,650.019992,28.110001,TRUE
"2012-01-09",421.73,622.459994,27.74,FALSE
"2012-01-10",423.239994,623.139977,27.84,TRUE
"2012-01-11",422.549992,625.96003,27.719999,FALSE
"2012-01-12",421.389992,629.640002,28,FALSE
"2012-01-13",419.810009,624.989993,28.25,FALSE
"2012-01-17",424.700001,628.580027,28.26,TRUE
"2012-01-18",429.110008,632.909983,28.23,TRUE
"2012-01-19",427.750004,639.570003,28.120001,FALSE
"2012-01-20",420.300007,585.99003,29.709999,FALSE
"2012-01-23",427.409996,585.519981,29.73,TRUE
"2012-01-24",420.409996,580.930032,29.34,FALSE
"2012-01-25",446.659996,569.490006,29.559999,TRUE
"2012-01-26",444.62999,568.099979,29.5,FALSE
"2012-01-27",447.28001,579.979994,29.23,TRUE
"2012-01-30",453.009995,577.689989,29.610001,TRUE
"2012-01-31",456.47998,580.109991,29.530001,TRUE
"2012-02-01",456.189987,580.830034,29.889999,FALSE
"2012-02-02",455.120003,585.109991,29.950001,FALSE
"2012-02-03",459.68,596.330022,30.24,TRUE
"2012-02-06",463.969978,609.090015,30.200001,TRUE
"2012-02-07",468.830009,606.770011,30.35,TRUE
"2012-02-08",476.680016,609.849997,30.66,TRUE
"2012-02-09",493.170006,611.460018,30.77,TRUE
"2012-02-10",493.419998,605.910032,30.5,TRUE
"2012-02-13",502.600021,612.2,30.58,TRUE
"2012-02-14",509.459991,609.759999,30.25,TRUE
"2012-02-15",497.669975,605.559979,30.049999,FALSE
"2012-02-16",502.209999,606.520017,31.290001,TRUE
"2012-02-17",502.12001,604.640002,31.25,FALSE
"2012-02-21",514.850021,614.000017,31.440001,TRUE
"2012-02-22",513.039993,607.939982,31.27,FALSE
"2012-02-23",516.389977,606.110027,31.370001,TRUE
"2012-02-24",522.409981,609.899995,31.48,TRUE
"2012-02-27",525.760017,609.31001,31.35,TRUE
"2012-02-28",535.410011,618.389971,31.870001,TRUE
"2012-02-29",542.440025,618.249975,31.74,TRUE
"2012-03-01",544.469978,622.399995,32.290001,TRUE
"2012-03-02",545.180008,621.250023,32.080002,TRUE
"2012-03-05",533.160027,614.250011,31.799999,FALSE
"2012-03-06",530.259987,604.959994,31.559999,FALSE
"2012-03-07",530.69001,606.80001,31.84,TRUE
"2012-03-08",541.989975,607.140002,32.009998,TRUE
"2012-03-09",545.170021,600.249987,31.99,TRUE
"2012-03-12",551.999977,605.149989,32.040001,TRUE
"2012-03-13",568.099998,617.779986,32.669998,TRUE
"2012-03-14",589.580009,615.99003,32.77,TRUE
"2012-03-15",585.559998,621.130026,32.849998,FALSE
"2012-03-16",585.569984,625.039992,32.599998,TRUE
"2012-03-19",601.100006,633.980018,32.200001,TRUE
"2012-03-20",605.959984,633.49003,31.99,TRUE
"2012-03-21",602.499985,639.979993,31.91,FALSE
"2012-03-22",599.340019,646.050028,32,FALSE
"2012-03-23",596.050011,642.58999,32.009998,FALSE
"2012-03-26",606.97998,649.330009,32.59,TRUE
"2012-03-27",614.480019,647.020004,32.52,TRUE
"2012-03-28",617.62001,655.760035,32.189999,TRUE
"2012-03-29",609.859993,648.410031,32.119999,FALSE
"2012-03-30",599.550011,641.240023,32.259998,FALSE
"2012-04-02",618.63002,646.920007,32.290001,TRUE
"2012-04-03",629.319984,642.61999,31.940001,TRUE
"2012-04-04",624.30999,635.149989,31.209999,FALSE
"2012-04-05",633.679977,632.319997,31.52,TRUE
"2012-04-09",636.229996,630.840033,31.1,TRUE
"2012-04-10",628.440018,626.860008,30.469999,FALSE
"2012-04-11",626.20002,635.96003,30.35,FALSE
"2012-04-12",622.769981,651.010029,30.98,FALSE
"2012-04-13",605.22998,624.600003,30.809999,FALSE
"2012-04-16",580.13002,606.070028,31.08,FALSE
"2012-04-17",609.699989,609.570003,31.440001,TRUE
"2012-04-18",608.340012,607.449994,31.139999,FALSE
"2012-04-19",587.439987,599.30001,31.01,FALSE
"2012-04-20",572.980003,596.060028,32.419998,FALSE
"2012-04-23",571.699974,597.599991,32.119999,FALSE
"2012-04-24",560.280006,601.270023,31.92,FALSE
"2012-04-25",610.000023,609.72,32.200001,TRUE
"2012-04-26",607.699997,615.469981,32.110001,FALSE
"2012-04-27",603.000023,614.979993,31.98,FALSE
"2012-04-30",583.979988,604.849997,32.02,FALSE
"2012-05-01",582.130013,604.430007,32.009998,FALSE
"2012-05-02",585.97998,607.259999,31.799999,TRUE
"2012-05-03",581.819992,611.020029,31.76,FALSE
"2012-05-04",565.25,596.970006,30.98,FALSE
"2012-05-07",569.480003,607.549992,30.65,TRUE
"2012-05-08",568.18,612.789986,30.5,FALSE
"2012-05-09",569.180023,609.150014,30.76,TRUE
"2012-05-10",570.519974,613.660026,30.74,TRUE
"2012-05-11",566.710007,605.229987,31.16,FALSE
"2012-05-14",558.219986,604.000017,30.68,FALSE
"2012-05-15",553.169991,611.110027,30.209999,FALSE
"2012-05-16",546.080002,628.930019,29.9,FALSE
"2012-05-17",530.12001,623.05004,29.719999,FALSE
"2012-05-18",530.37999,600.399983,29.27,TRUE
"2012-05-21",561.279976,614.110015,29.75,TRUE
"2012-05-22",556.970024,600.800035,29.76,FALSE
"2012-05-23",570.559975,609.460006,29.110001,TRUE
"2012-05-24",565.320015,603.660026,29.07,FALSE
"2012-05-25",562.289986,591.530017,29.059999,FALSE
"2012-05-29",572.269974,594.340009,29.559999,TRUE
"2012-05-30",579.169998,588.230036,29.34,TRUE
"2012-05-31",577.730019,580.860033,29.190001,FALSE
"2012-06-01",560.989983,570.98003,28.450001,FALSE
"2012-06-04",564.289978,578.590028,28.549999,TRUE
"2012-06-05",562.830025,570.409983,28.51,FALSE
"2012-06-06",571.460022,580.57004,29.35,TRUE
"2012-06-07",571.720001,578.229976,29.23,TRUE
"2012-06-08",580.319984,580.450043,29.65,TRUE
"2012-06-11",571.169975,568.499969,28.9,FALSE
"2012-06-12",576.159996,565.099991,29.290001,TRUE
"2012-06-13",572.160011,561.090028,29.129999,FALSE
"2012-06-14",571.529984,559.050017,29.34,FALSE
"2012-06-15",574.12999,564.510005,30.02,TRUE
"2012-06-18",585.779976,570.850034,29.84,TRUE
"2012-06-19",587.410027,581.530017,30.700001,TRUE
"2012-06-20",585.739975,577.509993,30.93,FALSE
"2012-06-21",577.669991,565.209988,30.139999,FALSE
"2012-06-22",582.099998,571.480018,30.700001,TRUE
"2012-06-25",570.77002,560.699976,29.870001,FALSE
"2012-06-26",572.030022,564.680001,30.02,TRUE
"2012-06-27",574.499985,569.300011,30.17,TRUE
"2012-06-28",569.04998,564.31001,29.91,FALSE
"2012-06-29",584.000015,580.069992,30.59,TRUE
"2012-07-02",592.519997,580.470043,30.559999,TRUE
"2012-07-03",599.409981,587.829985,30.76,TRUE
"2012-07-05",609.939995,595.920032,30.700001,TRUE
"2012-07-06",605.879982,585.98003,30.190001,FALSE
"2012-07-09",613.889992,586.01003,30,TRUE
"2012-07-10",608.210022,581.700013,29.74,FALSE
"2012-07-11",604.430016,571.190025,29.299999,FALSE
"2012-07-12",598.900009,570.480043,28.629999,FALSE
"2012-07-13",604.970001,576.520017,29.389999,TRUE
"2012-07-16",606.910019,574.919995,29.440001,TRUE
"2012-07-17",606.93998,576.730012,29.66,TRUE
"2012-07-18",606.260017,580.760036,30.450001,FALSE
"2012-07-19",614.320015,593.06004,30.67,TRUE
"2012-07-20",604.300026,610.820034,30.120001,FALSE
"2012-07-23",603.830002,615.50998,29.280001,FALSE
"2012-07-24",600.919975,607.569991,29.15,FALSE
"2012-07-25",574.970009,607.989981,28.83,FALSE
"2012-07-26",574.88002,613.360033,29.16,FALSE
"2012-07-27",585.159988,634.959994,29.76,TRUE
"2012-07-30",595.030014,632.299998,29.639999,TRUE
"2012-07-31",610.759987,632.969981,29.469999,TRUE
"2012-08-01",606.80999,632.679988,29.41,FALSE
"2012-08-02",607.789986,628.750023,29.190001,TRUE
"2012-08-03",615.70002,641.330021,29.75,TRUE
"2012-08-06",622.550003,642.819985,29.950001,TRUE
"2012-08-07",620.910019,640.539979,30.26,FALSE
"2012-08-08",619.860008,642.229999,30.33,FALSE
"2012-08-09",620.729988,642.349996,30.5,TRUE
"2012-08-10",621.699997,642.000005,30.42,TRUE
"2012-08-13",630,660.009992,30.389999,TRUE
"2012-08-14",631.690025,668.660025,30.129999,TRUE
"2012-08-15",630.829979,667.539991,30.200001,FALSE
"2012-08-16",636.340012,672.869983,30.780001,TRUE
"2012-08-17",648.110001,677.140001,30.9,TRUE
"2012-08-20",665.150017,675.54004,30.74,TRUE
"2012-08-21",656.059982,669.510004,30.799999,FALSE
"2012-08-22",668.869995,677.18,30.540001,TRUE
"2012-08-23",662.630013,676.800009,30.26,FALSE
"2012-08-24",663.219986,678.630026,30.559999,TRUE
"2012-08-27",675.679977,669.220011,30.690001,TRUE
"2012-08-28",674.800011,677.249998,30.629999,FALSE
"2012-08-29",673.469994,688.010041,30.65,FALSE
"2012-08-30",663.869987,681.680012,30.32,FALSE
"2012-08-31",665.240005,685.08999,30.82,TRUE
"2012-09-04",674.970001,681.040028,30.389999,TRUE
"2012-09-05",670.230026,680.720036,30.389999,FALSE
"2012-09-06",676.270004,699.400007,31.35,TRUE
"2012-09-07",680.43998,706.150025,30.950001,TRUE
"2012-09-10",662.739975,700.770034,30.719999,FALSE
"2012-09-11",660.590019,692.19,30.790001,FALSE
"2012-09-12",669.790016,690.880032,30.780001,TRUE
"2012-09-13",682.980011,706.040027,30.940001,TRUE
"2012-09-14",691.280014,709.68,31.209999,TRUE
"2012-09-17",699.780022,709.979992,31.209999,TRUE
"2012-09-18",701.910004,718.280034,31.18,TRUE
"2012-09-19",702.100021,727.499992,31.049999,TRUE
"2012-09-20",698.699997,728.119976,31.450001,FALSE
"2012-09-21",700.089989,733.990016,31.190001,TRUE
"2012-09-24",690.790016,749.380006,30.780001,FALSE
"2012-09-25",673.540009,749.160012,30.389999,FALSE
"2012-09-26",665.179977,753.460029,30.17,FALSE
"2012-09-27",681.32,756.500016,30.16,TRUE
"2012-09-28",667.100021,754.500003,29.76,FALSE
"2012-10-01",659.389992,761.780009,29.49,FALSE
"2012-10-02",661.309982,756.990004,29.66,TRUE
"2012-10-03",671.449974,762.499991,29.860001,TRUE
"2012-10-04",666.799988,768.050039,30.030001,FALSE
"2012-10-05",652.589996,767.649987,29.85,FALSE
"2012-10-08",638.170013,757.839983,29.780001,FALSE
"2012-10-09",635.850014,744.090014,29.280001,FALSE
"2012-10-10",640.909996,744.560002,28.98,TRUE
"2012-10-11",628.099983,751.480016,28.950001,FALSE
"2012-10-12",629.710007,744.749998,29.200001,TRUE
"2012-10-15",634.760002,740.980029,29.51,TRUE
"2012-10-16",649.789986,744.699999,29.49,TRUE
"2012-10-17",644.610001,755.489979,29.59,FALSE
"2012-10-18",632.640007,694.999992,29.5,FALSE
"2012-10-19",609.840019,681.790009,28.639999,FALSE
"2012-10-22",634.029999,678.670025,28,TRUE
"2012-10-23",613.359993,680.350045,28.049999,FALSE
"2012-10-24",616.829979,677.299997,27.9,TRUE
"2012-10-25",609.539986,677.759986,27.879999,FALSE
"2012-10-26",603.999992,675.149989,28.209999,FALSE
"2012-10-31",595.320007,680.299985,28.540001,FALSE
"2012-11-01",596.540009,687.58999,29.52,TRUE
"2012-11-02",576.800011,687.919982,29.5,FALSE
"2012-11-05",584.620003,682.959981,29.629999,TRUE
"2012-11-06",582.849976,681.720011,29.860001,FALSE
"2012-11-07",558.000008,667.120002,29.08,FALSE
"2012-11-08",537.749985,652.289998,28.809999,FALSE
"2012-11-09",547.059998,663.03004,28.83,TRUE
"2012-11-12",542.829994,665.900031,28.219999,FALSE
"2012-11-13",542.900009,659.050016,27.09,TRUE
"2012-11-14",536.880005,652.549991,26.84,FALSE
"2012-11-15",525.619987,647.259998,26.66,FALSE
"2012-11-16",527.680008,647.18,26.52,TRUE
"2012-11-19",565.730011,668.210036,26.73,TRUE
"2012-11-20",560.909981,669.969993,26.709999,FALSE
"2012-11-21",561.700012,665.870032,26.950001,TRUE
"2012-11-23",571.500023,667.969981,27.700001,TRUE
"2012-11-26",589.530022,661.150025,27.389999,TRUE
"2012-11-27",584.780006,670.710036,27.08,FALSE
"2012-11-28",582.940018,683.670025,27.360001,FALSE
"2012-11-29",589.359978,691.890007,26.950001,TRUE
"2012-11-30",585.279991,698.369971,26.620001,FALSE
"2012-12-03",586.190025,695.249986,26.43,TRUE
"2012-12-04",575.849976,691.030028,26.370001,FALSE
"2012-12-05",538.790009,687.819984,26.67,FALSE
"2012-12-06",547.239975,691.130025,26.73,TRUE
"2012-12-07",533.250015,684.210011,26.459999,FALSE
"2012-12-10",529.819977,685.419982,26.940001,FALSE
"2012-12-11",541.390015,696.880007,27.32,TRUE
"2012-12-12",539,697.55999,27.24,FALSE
"2012-12-13",529.689987,702.699987,27.110001,FALSE
"2012-12-14",509.789986,701.960005,26.809999,FALSE
"2012-12-17",518.829979,720.780034,27.1,TRUE
"2012-12-18",533.900017,721.070027,27.559999,TRUE
"2012-12-19",526.30999,720.109989,27.309999,FALSE
"2012-12-20",521.730019,722.359995,27.68,FALSE
"2012-12-21",519.330017,715.629976,27.450001,FALSE
"2012-12-24",520.169983,709.500004,27.059999,TRUE
"2012-12-26",512.999992,708.870019,26.860001,FALSE
"2012-12-27",515.060013,706.290021,26.959999,TRUE
"2012-12-28",509.589981,700.009992,26.549999,FALSE
"2012-12-31",532.169991,707.379995,26.709999,TRUE
"2013-01-02",549.029976,723.250034,27.620001,TRUE
"2013-01-03",542.099991,723.670024,27.25,FALSE
"2013-01-04",526.999992,737.96998,26.74,FALSE
"2013-01-07",523.900002,734.749998,26.690001,FALSE
"2013-01-08",525.31002,733.300033,26.549999,TRUE
"2013-01-09",517.100006,738.120037,26.700001,FALSE
"2013-01-10",523.509979,741.480016,26.459999,TRUE
"2013-01-11",520.300026,739.989992,26.83,FALSE
"2013-01-14",501.750015,723.250034,26.889999,FALSE
"2013-01-15",485.920013,724.929993,27.209999,FALSE
"2013-01-16",506.089981,715.189987,27.040001,TRUE
"2013-01-17",502.680023,711.320021,27.25,FALSE
"2013-01-18",500.000015,704.510004,27.25,FALSE
"2013-01-22",504.770004,702.870044,27.15,TRUE
"2013-01-23",514.010002,741.500016,27.610001,TRUE
"2013-01-24",450.499977,754.210011,27.629999,FALSE
"2013-01-25",439.880001,753.670024,27.879999,FALSE
"2013-01-28",449.830002,750.730035,27.91,TRUE
"2013-01-29",458.269981,753.680024,28.01,TRUE
"2013-01-30",456.830002,753.83002,27.85,FALSE
"2013-01-31",455.489998,755.689974,27.450001,FALSE
"2013-02-01",453.619995,775.600037,27.93,FALSE
"2013-02-04",442.320004,759.020015,27.440001,FALSE
"2013-02-05",457.840012,765.739973,27.5,TRUE
"2013-02-06",457.350014,770.169987,27.34,FALSE
"2013-02-07",468.220009,773.950017,27.280001,TRUE
"2013-02-08",474.980003,785.370043,27.549999,TRUE
"2013-02-11",479.930023,782.419993,27.860001,TRUE
"2013-02-12",467.900002,780.700035,27.879999,FALSE
"2013-02-13",467.009995,782.859982,28.030001,FALSE
"2013-02-14",466.590012,787.819983,28.040001,FALSE
"2013-02-15",460.160011,792.889981,28.01,FALSE
"2013-02-19",459.990021,806.850007,28.049999,FALSE
"2013-02-20",448.850006,792.459992,27.870001,FALSE
"2013-02-21",446.060009,795.529978,27.49,FALSE
"2013-02-22",450.809998,799.709998,27.76,TRUE
"2013-02-25",442.799988,790.770033,27.370001,FALSE
"2013-02-26",448.970009,790.129988,27.370001,TRUE
"2013-02-27",444.569988,799.779996,27.809999,FALSE
"2013-02-28",441.400009,801.200022,27.799999,FALSE
"2013-03-01",430.470013,806.190023,27.950001,FALSE
"2013-03-04",420.049988,821.500015,28.15,FALSE
"2013-03-05",431.139988,838.600024,28.35,TRUE
"2013-03-06",425.659996,831.380018,28.09,FALSE
"2013-03-07",430.580002,832.599988,28.139999,TRUE
"2013-03-08",431.720001,831.520014,28,TRUE
"2013-03-11",437.869995,834.819995,27.870001,TRUE
"2013-03-12",428.429993,827.609988,27.91,FALSE
"2013-03-13",428.349991,825.310044,27.92,FALSE
"2013-03-14",432.499992,821.540014,28.139999,TRUE
"2013-03-15",443.660007,814.300008,28.040001,TRUE
"2013-03-18",455.720016,807.789984,28.1,TRUE
"2013-03-19",454.489975,811.320019,28.18,FALSE
"2013-03-20",452.079987,814.709998,28.32,FALSE
"2013-03-21",452.729988,811.260021,28.110001,TRUE
"2013-03-22",461.910011,810.309983,28.25,TRUE
"2013-03-25",463.580009,809.639999,28.16,TRUE
"2013-03-26",461.140007,812.419993,28.16,FALSE
"2013-03-27",452.079987,802.659987,28.370001,FALSE
"2013-03-28",442.660011,794.190011,28.610001,FALSE
"2013-04-01",428.910004,801.190023,28.610001,FALSE
"2013-04-02",429.789997,813.040038,28.799999,TRUE
"2013-04-03",431.989994,806.200022,28.559999,TRUE
"2013-04-04",427.71999,795.069989,28.6,FALSE
"2013-04-05",423.199993,783.050039,28.700001,FALSE
"2013-04-08",426.209995,774.849995,28.59,TRUE
"2013-04-09",426.98,777.649987,29.610001,TRUE
"2013-04-10",435.689999,790.180047,30.280001,TRUE
"2013-04-11",434.329994,790.389981,28.940001,FALSE
"2013-04-12",429.800011,790.04999,28.790001,FALSE
"2013-04-15",419.85001,781.930005,28.690001,FALSE
"2013-04-16",426.240009,793.370031,28.969999,TRUE
"2013-04-17",402.800007,782.55999,28.83,FALSE
"2013-04-18",392.049988,765.91003,28.790001,FALSE
"2013-04-19",390.530006,799.869994,29.77,FALSE
"2013-04-22",398.670006,800.110049,30.83,TRUE
"2013-04-23",406.12999,807.899981,30.6,TRUE
"2013-04-24",405.459988,813.450028,31.76,FALSE
"2013-04-25",408.380001,809.100013,31.940001,TRUE
"2013-04-26",417.199989,801.420017,31.790001,TRUE
"2013-04-29",430.119991,819.060013,32.610001,TRUE
"2013-04-30",442.779987,824.570001,33.099998,TRUE
"2013-05-01",439.290001,820.430041,32.720001,FALSE
"2013-05-02",445.519997,829.61,33.16,TRUE
"2013-05-03",449.980019,845.720034,33.490002,TRUE
"2013-05-06",460.709984,861.550013,33.75,TRUE
"2013-05-07",458.660004,857.229997,33.310001,FALSE
"2013-05-08",463.839989,873.630023,32.990002,TRUE
"2013-05-09",456.769974,871.480015,32.66,FALSE
"2013-05-10",452.969994,880.230045,32.689999,FALSE
"2013-05-13",454.740021,877.529989,33.029999,TRUE
"2013-05-14",443.860012,887.1,33.529999,FALSE
"2013-05-15",428.850002,915.890029,33.849998,FALSE
"2013-05-16",434.580013,903.870017,34.080002,TRUE
"2013-05-17",433.26001,909.18001,34.869999,FALSE
"2013-05-20",442.930004,908.530025,35.080002,TRUE
"2013-05-21",439.659996,906.970002,34.849998,FALSE
"2013-05-22",441.349995,889.420004,34.610001,TRUE
"2013-05-23",442.139999,882.790044,34.150002,TRUE
"2013-05-24",445.150002,873.320031,34.27,TRUE
"2013-05-28",441.44001,881.27002,35.02,FALSE
"2013-05-29",444.949997,868.310031,34.880001,TRUE
"2013-05-30",451.580002,870.760032,35.029999,TRUE
"2013-05-31",449.730026,871.220021,34.900002,FALSE
"2013-06-03",450.720009,867.629987,35.59,TRUE
"2013-06-04",449.30999,859.100012,34.990002,FALSE
"2013-06-05",445.110001,859.699997,34.779999,FALSE
"2013-06-06",438.459995,864.639999,34.959999,FALSE
"2013-06-07",441.810005,879.729996,35.669998,TRUE
"2013-06-10",438.889992,890.220045,35.470001,FALSE
"2013-06-11",437.600002,879.809994,34.84,FALSE
"2013-06-12",432.189999,871.980003,35,FALSE
"2013-06-13",435.959991,877.000002,34.720001,TRUE
"2013-06-14",430.050003,875.039989,34.400002,FALSE
"2013-06-17",432.000008,886.25002,35,TRUE
"2013-06-18",431.769989,900.620035,34.98,FALSE
"2013-06-19",422.999989,900.680034,34.59,FALSE
"2013-06-20",416.840008,884.739996,33.490002,FALSE
"2013-06-21",413.500011,880.930028,33.27,FALSE
"2013-06-24",402.540001,869.789995,33.720001,FALSE
"2013-06-25",402.62999,866.200022,33.669998,TRUE
"2013-06-26",398.069992,873.650023,34.349998,FALSE
"2013-06-27",393.779987,877.07,34.619999,FALSE
"2013-06-28",396.53001,880.370042,34.540001,TRUE
"2013-07-01",409.219994,887.87998,34.360001,TRUE
"2013-07-02",418.490005,882.309994,33.939999,TRUE
"2013-07-03",420.799992,886.430016,34.009998,TRUE
"2013-07-05",417.419994,893.490027,34.209999,FALSE
"2013-07-08",415.050007,905.089987,34.330002,FALSE
"2013-07-09",422.349987,905.239984,34.349998,TRUE
"2013-07-10",420.730003,905.990026,34.700001,FALSE
"2013-07-11",427.289993,920.239984,35.689999,TRUE
"2013-07-12",426.510002,923.000038,35.669998,FALSE
"2013-07-15",427.44001,924.689997,36.169998,TRUE
"2013-07-16",430.199993,919.609999,36.27,TRUE
"2013-07-17",430.310009,918.550025,35.740002,TRUE
"2013-07-18",431.760002,910.680034,35.439999,TRUE
"2013-07-19",424.949993,896.600012,31.4,FALSE
"2013-07-22",426.309998,910.700033,32.009998,TRUE
"2013-07-23",418.98999,903.800019,31.82,FALSE
"2013-07-24",440.510002,902.89998,31.959999,TRUE
"2013-07-25",438.499996,887.699985,31.389999,FALSE
"2013-07-26",440.990013,885.350042,31.620001,TRUE
"2013-07-29",447.790009,882.269995,31.540001,TRUE
"2013-07-30",453.320015,890.920028,31.85,TRUE
"2013-07-31",452.529984,887.749984,31.84,FALSE
"2013-08-01",456.679985,904.220009,31.67,TRUE
"2013-08-02",462.539986,906.570012,31.889999,TRUE
"2013-08-05",469.449997,904.99999,31.700001,TRUE
"2013-08-06",465.250008,896.570012,31.58,FALSE
"2013-08-07",464.979988,890.650035,32.060001,FALSE
"2013-08-08",461.010017,892.660047,32.889999,FALSE
"2013-08-09",454.449974,890.40998,32.700001,FALSE
"2013-08-12",467.360016,885.510038,32.869999,TRUE
"2013-08-13",489.569977,881.25002,32.23,TRUE
"2013-08-14",498.500008,869.809995,32.349998,TRUE
"2013-08-15",497.909981,859.659998,31.790001,FALSE
"2013-08-16",502.330002,856.910005,31.799999,TRUE
"2013-08-19",507.740005,865.650035,31.389999,TRUE
"2013-08-20",501.07,865.41998,31.620001,FALSE
"2013-08-21",502.360016,869.330006,31.610001,TRUE
"2013-08-22",502.959976,873.710021,32.389999,TRUE
"2013-08-23",501.020012,870.209985,34.75,FALSE
"2013-08-26",502.970016,866.390017,34.150002,TRUE
"2013-08-27",488.589981,850.149987,33.259998,FALSE
"2013-08-28",490.899994,848.550026,33.02,TRUE
"2013-08-29",491.700012,855.42998,33.549999,TRUE
"2013-08-30",487.220016,846.900005,33.400002,FALSE
"2013-09-03",488.579994,860.379981,31.879999,TRUE
"2013-09-04",498.690025,871.630011,31.200001,TRUE
"2013-09-05",495.269974,879.560001,31.23,FALSE
"2013-09-06",498.220001,879.58,31.15,TRUE
"2013-09-09",506.169983,888.050037,31.66,TRUE
"2013-09-10",494.639999,888.670022,32.389999,FALSE
"2013-09-11",467.709984,896.190022,32.740002,FALSE
"2013-09-12",472.690018,893.060037,32.689999,TRUE
"2013-09-13",464.899986,889.070012,33.029999,FALSE
"2013-09-16",450.119995,887.759983,32.799999,FALSE
"2013-09-17",455.320007,886.110024,32.93,TRUE
"2013-09-18",464.680008,903.320031,33.32,TRUE
"2013-09-19",472.299995,898.390029,33.639999,TRUE
"2013-09-20",467.410004,903.110036,32.790001,FALSE
"2013-09-23",490.640015,886.500014,32.740002,TRUE
"2013-09-24",489.100006,886.840006,32.450001,FALSE
"2013-09-25",481.530006,877.229996,32.509998,FALSE
"2013-09-26",486.219994,878.169974,32.77,TRUE
"2013-09-27",482.750008,876.390017,33.27,FALSE
"2013-09-30",476.749977,875.910029,33.279999,FALSE
"2013-10-01",487.960007,887.000002,33.580002,TRUE
"2013-10-02",489.55999,887.990039,33.919998,TRUE
"2013-10-03",483.409996,876.090024,33.860001,FALSE
"2013-10-04",483.030014,872.349994,33.880001,FALSE
"2013-10-07",487.750015,865.740033,33.299999,TRUE
"2013-10-08",480.93998,853.670023,33.009998,FALSE
"2013-10-09",486.589989,855.86003,33.07,TRUE
"2013-10-10",489.639992,868.239972,33.759998,TRUE
"2013-10-11",492.809998,871.990002,34.130001,TRUE
"2013-10-14",496.039978,876.110024,34.450001,TRUE
"2013-10-15",498.679985,882.010002,34.490002,TRUE
"2013-10-16",501.110001,898.029977,34.639999,TRUE
"2013-10-17",504.499985,888.790019,34.919998,TRUE
"2013-10-18",508.889992,1011.410015,34.959999,TRUE
"2013-10-21",521.360023,1003.30003,34.990002,TRUE
"2013-10-22",519.870003,1007.000001,34.580002,FALSE
"2013-10-23",524.959999,1031.409954,33.759998,TRUE
"2013-10-24",531.910011,1025.549975,33.720001,TRUE
"2013-10-25",525.960022,1015.200044,35.73,FALSE
"2013-10-28",529.880005,1014.999988,35.57,TRUE
"2013-10-29",516.680023,1036.239958,35.52,FALSE
"2013-10-30",524.900024,1030.419978,35.540001,TRUE
"2013-10-31",522.699974,1030.579974,35.41,FALSE
"2013-11-01",520.030006,1027.04006,35.529999,FALSE
"2013-11-04",526.75,1026.109961,35.939999,TRUE
"2013-11-05",525.449997,1021.520012,36.639999,FALSE
"2013-11-06",520.920013,1022.750043,38.18,FALSE
"2013-11-07",512.490021,1007.950038,37.5,FALSE
"2013-11-08",520.560005,1016.030024,37.779999,TRUE
"2013-11-11",519.050011,1010.590035,37.59,FALSE
"2013-11-12",520.009979,1011.780006,37.360001,TRUE
"2013-11-13",520.63002,1032.47005,38.16,TRUE
"2013-11-14",528.160019,1035.229982,38.02,TRUE
"2013-11-15",524.990013,1033.560023,37.84,FALSE
"2013-11-18",518.629974,1031.54995,37.200001,FALSE
"2013-11-19",519.549995,1025.199983,36.740002,TRUE
"2013-11-20",514.999985,1022.309993,37.080002,FALSE
"2013-11-21",521.139992,1034.070011,37.400002,TRUE
"2013-11-22",519.799988,1031.890064,37.57,FALSE
"2013-11-25",523.739998,1045.929965,37.639999,TRUE
"2013-11-26",533.399979,1058.410027,37.349998,TRUE
"2013-11-27",545.959999,1063.110034,37.599998,TRUE
"2013-11-29",556.069977,1059.589998,38.130001,TRUE
"2013-12-02",551.230026,1054.480001,38.450001,FALSE
"2013-12-03",566.319984,1053.26003,38.310001,TRUE
"2013-12-04",565.000008,1058.180032,38.939999,FALSE
"2013-12-05",567.899994,1057.340053,38,TRUE
"2013-12-06",560.019974,1069.869991,38.360001,FALSE
"2013-12-09",566.43,1078.140033,38.709999,TRUE
"2013-12-10",565.54998,1084.659996,38.110001,FALSE
"2013-12-11",561.359978,1077.290054,37.610001,FALSE
"2013-12-12",560.539986,1069.959989,37.220001,FALSE
"2013-12-13",554.429993,1060.789969,36.689999,FALSE
"2013-12-16",557.500023,1072.980037,36.889999,TRUE
"2013-12-17",554.990005,1069.859991,36.52,FALSE
"2013-12-18",550.769989,1084.749994,36.580002,FALSE
"2013-12-19",544.459991,1086.219958,36.25,FALSE
"2013-12-20",549.019989,1100.619972,36.799999,TRUE
"2013-12-23",570.090004,1115.099985,36.619999,TRUE
"2013-12-24",567.669975,1111.840064,37.080002,FALSE
"2013-12-26",563.900009,1117.460049,37.439999,FALSE
"2013-12-27",560.089989,1118.400026,37.290001,FALSE
"2013-12-30",554.519981,1109.46,37.290001,FALSE
"2013-12-31",561.019997,1120.70997,37.41,TRUE
"2014-01-02",553.12999,1113.120033,37.16,FALSE
"2014-01-03",540.980019,1104.999987,36.91,FALSE
"2014-01-06",543.929993,1117.320052,36.130001,TRUE
"2014-01-07",540.040024,1138.860015,36.41,FALSE
"2014-01-08",543.460022,1141.230079,35.759998,TRUE
"2014-01-09",536.519997,1130.239981,35.529999,FALSE
"2014-01-10",532.939995,1130.179983,36.040001,FALSE
"2014-01-13",535.730019,1122.980036,34.98,TRUE
"2014-01-14",546.390022,1149.400001,35.779999,TRUE
"2014-01-15",557.359993,1148.62002,36.759998,TRUE
"2014-01-16",554.250015,1156.219957,36.889999,FALSE
"2014-01-17",540.669998,1150.529974,36.380001,FALSE
"2014-01-21",549.069977,1163.700018,36.169998,TRUE
"2014-01-22",551.509979,1165.019986,35.93,TRUE
"2014-01-23",556.179993,1160.099984,36.060001,TRUE
"2014-01-24",546.070015,1123.830016,36.810001,FALSE
"2014-01-27",550.500023,1101.230079,36.029999,TRUE
"2014-01-28",506.499977,1123.010036,36.27,FALSE
"2014-01-29",500.749992,1106.920062,36.66,FALSE
"2014-01-30",499.779984,1135.389977,36.860001,FALSE
"2014-01-31",500.599976,1180.969963,37.84,TRUE
"2014-02-03",501.529984,1133.430025,36.48,TRUE
"2014-02-04",508.790016,1138.160032,36.349998,TRUE
"2014-02-05",512.589996,1143.200031,35.82,TRUE
"2014-02-06",512.509995,1159.959988,36.18,FALSE
"2014-02-07",519.679985,1177.440049,36.560001,TRUE
"2014-02-10",528.989998,1172.930037,36.799999,TRUE
"2014-02-11",535.959984,1190.179982,37.169998,TRUE
"2014-02-12",535.919983,1186.690067,37.470001,FALSE
"2014-02-13",544.429977,1199.899989,37.610001,TRUE
"2014-02-14",543.990021,1202.80004,37.619999,FALSE
"2014-02-18",545.990013,1210.879965,37.419998,TRUE
"2014-02-19",537.370003,1202.340051,37.509998,FALSE
"2014-02-20",531.149994,1204.110008,37.75,FALSE
"2014-02-21",525.249992,1203.790016,37.98,FALSE
"2014-02-24",527.550018,1212.510047,37.689999,TRUE
"2014-02-25",522.060013,1219.999986,37.540001,FALSE
"2014-02-26",517.349998,1220.169982,37.470001,FALSE
"2014-02-27",527.670021,1219.210005,37.860001,TRUE
"2014-02-28",526.239975,1215.64997,38.310001,FALSE
"2014-03-03",527.76001,1202.690042,37.779999,TRUE
"2014-03-04",531.239983,1214.909988,38.41,TRUE
"2014-03-05",532.360008,1218.260028,38.110001,TRUE
"2014-03-06",530.749985,1219.609995,38.150002,FALSE
"2014-03-07",530.440018,1214.789991,37.900002,FALSE
"2014-03-10",530.919975,1211.57007,37.82,TRUE
"2014-03-11",536.089973,1199.989986,38.02,TRUE
"2014-03-12",536.609985,1207.300052,38.27,TRUE
"2014-03-13",530.650009,1189.060009,37.889999,FALSE
"2014-03-14",524.68998,1172.80004,37.700001,FALSE
"2014-03-17",526.740013,1192.100057,38.049999,TRUE
"2014-03-18",531.399986,1211.260077,39.549999,TRUE
"2014-03-19",531.26001,1199.250004,39.27,FALSE
"2014-03-20",528.700005,1197.160055,40.330002,FALSE
"2014-03-21",532.86998,1183.040034,40.16,TRUE
"2014-03-24",539.190018,1157.930037,40.5,TRUE
"2014-03-25",544.98999,1158.720018,40.34,TRUE
"2014-03-26",539.779991,1131.970061,39.790001,FALSE
"2014-03-27",537.459991,1114.280005,39.360001,FALSE
"2014-03-28",536.859978,1120.149983,40.299999,FALSE
"2014-03-31",536.739975,1114.509999,40.990002,FALSE
"2014-04-01",541.649994,1134.88999,41.419998,TRUE
"2014-04-02",542.549988,1135.099984,41.349998,TRUE
"2014-04-03",538.790009,571.5,41.009998,FALSE
"2014-04-04",531.820023,545.25,39.869999,FALSE
"2014-04-07",523.469978,540.630005,39.799999,FALSE
"2014-04-08",523.440018,557.51001,39.82,FALSE
"2014-04-09",530.320015,567.039978,40.470001,TRUE
"2014-04-10",523.480019,546.690002,39.360001,FALSE
"2014-04-11",519.610023,537.76001,39.209999,FALSE
"2014-04-14",521.679977,545.200012,39.18,TRUE
"2014-04-15",517.959999,548.700012,39.75,FALSE
"2014-04-16",519.01001,563.900024,40.400002,TRUE
"2014-04-17",524.940025,543.340027,40.009998,TRUE
"2014-04-21",531.170021,539.369995,39.939999,TRUE
"2014-04-22",531.70002,545.5,39.990002,TRUE
"2014-04-23",524.750008,537.51001,39.689999,FALSE
"2014-04-24",567.770004,534.440002,39.860001,TRUE
"2014-04-25",571.93998,523.099976,39.91,TRUE
"2014-04-28",594.090019,522.97998,40.869999,TRUE
"2014-04-29",592.329979,536.330017,40.509998,FALSE
"2014-04-30",590.089981,534.880005,40.400002,FALSE
"2014-05-01",591.480026,538.530029,40,TRUE
"2014-05-02",592.580025,533.869995,39.689999,TRUE
"2014-05-05",600.959976,535.330017,39.43,TRUE
"2014-05-06",594.410027,522.570007,39.060001,FALSE
"2014-05-07",592.329979,518,39.419998,FALSE
"2014-05-08",587.990013,520.169983,39.639999,FALSE
"2014-05-09",585.540024,526.619995,39.540001,FALSE
"2014-05-12",592.830017,538.429993,39.970001,TRUE
"2014-05-13",593.760025,541.539978,40.419998,TRUE
"2014-05-14",593.869987,534.409973,40.240002,TRUE
"2014-05-15",588.819992,529.119995,39.599998,FALSE
"2014-05-16",597.510017,528.299988,39.830002,TRUE
"2014-05-19",604.590019,538.830017,39.75,TRUE
"2014-05-20",604.710022,540.390015,39.68,TRUE
"2014-05-21",606.310005,549.700012,40.349998,TRUE
"2014-05-22",607.269974,555.450012,40.099998,TRUE
"2014-05-23",614.129997,563.799988,40.119999,TRUE
"2014-05-27",625.63002,574.869995,40.189999,TRUE
"2014-05-28",624.01001,570.450012,40.009998,FALSE
"2014-05-29",635.37999,570.559998,40.34,TRUE
"2014-05-30",633.000015,571.650024,40.939999,FALSE
"2014-06-02",628.650009,564.340027,40.790001,FALSE
"2014-06-03",637.539986,554.51001,40.290001,TRUE
"2014-06-04",644.819992,553.76001,40.32,TRUE
"2014-06-05",647.349983,564.929993,41.209999,TRUE
"2014-06-06",645.570023,566.030029,41.48,FALSE
"2014-06-09",93.699997,570.72998,41.27,FALSE
"2014-06-10",94.25,568.299988,41.110001,TRUE
"2014-06-11",93.860001,567.5,40.860001,FALSE
"2014-06-12",92.290001,559.5,40.580002,FALSE
"2014-06-13",91.279999,560.349976,41.23,FALSE
"2014-06-16",92.199997,552.299988,41.5,TRUE
"2014-06-17",92.080002,550.619995,41.68,FALSE
"2014-06-18",92.18,560.659973,41.650002,TRUE
"2014-06-19",91.860001,564.98999,41.509998,FALSE
"2014-06-20",90.910004,566.52002,41.68,FALSE
"2014-06-23",90.830002,574.289978,41.990002,FALSE
"2014-06-24",90.279999,572.539978,41.75,FALSE
"2014-06-25",90.360001,585.929993,42.029999,TRUE
"2014-06-26",90.900002,584.77002,41.720001,TRUE
"2014-06-27",91.980003,585.690002,42.25,TRUE
"2014-06-30",92.93,584.669983,41.700001,TRUE
"2014-07-01",93.519997,591.48999,41.869999,TRUE
"2014-07-02",93.480003,590.780029,41.900002,FALSE
"2014-07-03",94.029999,593.080017,41.799999,TRUE
"2014-07-07",95.970001,590.76001,41.990002,TRUE
"2014-07-08",95.349998,578.400024,41.779999,FALSE
"2014-07-09",95.389999,583.359985,41.669998,TRUE
"2014-07-10",95.040001,580.039978,41.689999,FALSE
"2014-07-11",95.220001,586.650024,42.09,TRUE
"2014-07-14",96.449997,594.26001,42.139999,TRUE
"2014-07-15",95.32,593.059998,42.450001,FALSE
"2014-07-16",94.779999,590.619995,44.080002,FALSE
"2014-07-17",93.089996,580.820007,44.529999,FALSE
"2014-07-18",94.43,605.109985,44.689999,TRUE
"2014-07-21",93.940002,598.440002,44.84,FALSE
"2014-07-22",94.720001,603.570007,44.830002,TRUE
"2014-07-23",97.190002,605.190002,44.869999,TRUE
"2014-07-24",97.029999,603.01001,44.400002,FALSE
"2014-07-25",97.669998,598.080017,44.5,TRUE
"2014-07-28",99.019997,599.02002,43.970001,TRUE
"2014-07-29",98.379997,593.950012,43.889999,FALSE
"2014-07-30",98.150002,595.440002,43.580002,FALSE
"2014-07-31",95.599998,579.549988,43.16,FALSE
"2014-08-01",96.129997,573.599976,42.860001,TRUE
"2014-08-04",95.589996,582.27002,43.369999,FALSE
"2014-08-05",95.120003,573.140015,43.080002,FALSE
"2014-08-06",94.959999,574.48999,42.740002,FALSE
"2014-08-07",94.480003,571.809998,43.23,FALSE
"2014-08-08",94.739998,577.940002,43.200001,TRUE
"2014-08-11",95.989998,577.25,43.200001,TRUE
"2014-08-12",95.970001,572.119995,43.52,FALSE
"2014-08-13",97.239998,584.559998,44.080002,TRUE
"2014-08-14",97.5,584.650024,44.27,TRUE
"2014-08-15",97.980003,583.710022,44.790001,TRUE
"2014-08-18",99.160004,592.700012,45.110001,TRUE
"2014-08-19",100.529999,597.109985,45.330002,TRUE
"2014-08-20",100.57,595.409973,44.950001,TRUE
"2014-08-21",100.580002,592.419983,45.220001,TRUE
"2014-08-22",101.32,592.539978,45.150002,TRUE
"2014-08-25",101.540001,590.570007,45.169998,TRUE
"2014-08-26",100.889999,588.119995,45.009998,FALSE
"2014-08-27",102.129997,583,44.869999,TRUE
"2014-08-28",102.25,580.320007,44.880001,TRUE
"2014-08-29",102.5,582.359985,45.43,TRUE
"2014-09-02",103.300003,588.630005,45.09,TRUE
"2014-09-03",98.940002,589.52002,44.959999,FALSE
"2014-09-04",98.120003,593.140015,45.259998,FALSE
"2014-09-05",98.970001,597.780029,45.91,TRUE
"2014-09-08",98.360001,601.630005,46.470001,FALSE
"2014-09-09",97.989998,591.969971,46.759998,FALSE
"2014-09-10",101,593.419983,46.84,TRUE
"2014-09-11",101.43,591.109985,47,TRUE
"2014-09-12",101.660004,584.900024,46.700001,TRUE
"2014-09-15",101.629997,581.640015,46.240002,FALSE
"2014-09-16",100.860001,588.780029,46.759998,FALSE
"2014-09-17",101.580002,593.289978,46.52,TRUE
"2014-09-18",101.790001,597.27002,46.68,TRUE
"2014-09-19",100.959999,605.400024,47.52,FALSE
"2014-09-22",101.059998,597.27002,47.060001,TRUE
"2014-09-23",102.639999,591.179993,46.560001,TRUE
"2014-09-24",101.75,598.419983,47.080002,FALSE
"2014-09-25",97.870003,585.25,46.040001,FALSE
"2014-09-26",100.75,587.900024,46.41,TRUE
"2014-09-29",100.110001,587.809998,46.439999,FALSE
"2014-09-30",100.75,588.409973,46.360001,TRUE
"2014-10-01",99.18,579.630005,45.900002,FALSE
"2014-10-02",99.900002,580.880005,45.759998,TRUE
"2014-10-03",99.620003,586.25,46.09,FALSE
"2014-10-06",99.620003,587.780029,46.09,FALSE
"2014-10-07",98.75,574.099976,45.529999,FALSE
"2014-10-08",100.800003,583.73999,46.779999,TRUE
"2014-10-09",101.019997,570.809998,45.849998,TRUE
"2014-10-10",100.730003,555.190002,44.029999,FALSE
"2014-10-13",99.809998,544.75,43.650002,FALSE
"2014-10-14",98.75,548.690002,43.73,FALSE
"2014-10-15",97.540001,540.72998,43.220001,FALSE
"2014-10-16",96.260002,536.919983,42.740002,FALSE
"2014-10-17",97.669998,522.969971,43.630001,TRUE
"2014-10-20",99.760002,532.380005,44.080002,TRUE
"2014-10-21",102.470001,538.030029,44.880001,TRUE
"2014-10-22",102.989998,542.690002,44.380001,TRUE
"2014-10-23",104.830002,553.650024,45.02,TRUE
"2014-10-24",105.220001,548.900024,46.130001,TRUE
"2014-10-27",105.110001,549.880005,45.91,FALSE
"2014-10-28",106.739998,558.940002,46.490002,TRUE
"2014-10-29",107.339996,558.450012,46.619999,TRUE
"2014-10-30",106.980003,560.27002,46.049999,FALSE
"2014-10-31",108,567.869995,46.950001,TRUE
"2014-11-03",109.400002,563.77002,47.439999,TRUE
"2014-11-04",108.599998,564.190002,47.57,FALSE
"2014-11-05",108.860001,555.950012,47.860001,TRUE
"2014-11-06",108.699997,551.690002,48.700001,FALSE
"2014-11-07",109.010002,551.820007,48.68,TRUE
"2014-11-10",108.830002,558.22998,48.889999,FALSE
"2014-11-11",109.699997,561.289978,48.869999,TRUE
"2014-11-12",111.25,558.25,48.779999,TRUE
"2014-11-13",112.82,556.440002,49.610001,TRUE
"2014-11-14",114.18,555.190002,49.580002,TRUE
"2014-11-17",113.989998,546.640015,49.459999,FALSE
"2014-11-18",115.470001,544.51001,48.740002,TRUE
"2014-11-19",114.669998,547.200012,48.220001,FALSE
"2014-11-20",116.309998,543.76001,48.700001,TRUE
"2014-11-21",116.470001,545.890015,47.98,TRUE
"2014-11-24",118.629997,547.47998,47.59,TRUE
"2014-11-25",117.599998,549.22998,47.470001,FALSE
"2014-11-26",119,547.72998,47.75,TRUE
"2014-11-28",118.93,549.080017,47.810001,FALSE
"2014-12-01",115.07,539.650024,48.619999,FALSE
"2014-12-02",114.629997,538.590027,48.459999,FALSE
"2014-12-03",115.93,536.969971,48.080002,TRUE
"2014-12-04",115.489998,542.580017,48.84,FALSE
"2014-12-05",115,528.080017,48.419998,FALSE
"2014-12-08",112.400002,530.72998,47.700001,FALSE
"2014-12-09",114.120003,536.109985,47.59,TRUE
"2014-12-10",111.949997,528.039978,46.900002,FALSE
"2014-12-11",111.620003,532.109985,47.169998,FALSE
"2014-12-12",109.730003,521.51001,46.950001,FALSE
"2014-12-15",108.230003,515.840027,46.669998,FALSE
"2014-12-16",106.75,498.160004,45.16,FALSE
"2014-12-17",109.410004,506.450012,45.740002,TRUE
"2014-12-18",112.650002,514.619995,47.52,TRUE
"2014-12-19",111.779999,520.039978,47.66,FALSE
"2014-12-22",112.940002,532.299988,47.98,TRUE
"2014-12-23",112.540001,538.77002,48.450001,FALSE
"2014-12-24",112.010002,536.929993,48.139999,FALSE
"2014-12-26",113.989998,541.52002,47.880001,TRUE
"2014-12-29",113.910004,537.309998,47.450001,FALSE
"2014-12-30",112.519997,535.280029,47.02,FALSE
"2014-12-31",110.379997,530.659973,46.450001,FALSE
"2015-01-02",109.330002,529.549988,46.759998,FALSE
"2015-01-05",106.25,519.460022,46.330002,FALSE
"2015-01-06",106.260002,506.640015,45.650002,TRUE
"2015-01-07",107.75,505.149994,46.23,TRUE
"2015-01-08",111.889999,506.910004,47.59,TRUE
"2015-01-09",112.010002,500.720001,47.189999,TRUE
"2015-01-12",109.25,497.059998,46.599998,FALSE
"2015-01-13",110.220001,501.799988,46.360001,TRUE
"2015-01-14",109.800003,505.929993,45.959999,FALSE
"2015-01-15",106.82,504.01001,45.48,FALSE
"2015-01-16",105.989998,510.459991,46.240002,FALSE
"2015-01-20",108.720001,509.940002,46.389999,TRUE
"2015-01-21",109.550003,520.390015,45.919998,TRUE
"2015-01-22",112.400002,537.299988,47.130001,TRUE
"2015-01-23",112.980003,541.950012,47.18,TRUE
"2015-01-26",113.099998,536.719971,47.009998,TRUE
"2015-01-27",109.139999,521.190002,42.66,FALSE
"2015-01-28",115.309998,512.429993,41.189999,TRUE
"2015-01-29",118.900002,513.22998,42.009998,TRUE
"2015-01-30",117.160004,537.549988,40.400002,FALSE
"2015-02-02",118.629997,532.200012,41.279999,TRUE
"2015-02-03",118.650002,533.299988,41.599998,TRUE
"2015-02-04",119.559998,526.099976,41.84,TRUE
"2015-02-05",119.940002,529.830017,42.450001,TRUE
"2015-02-06",118.93,533.880005,42.41,FALSE
"2015-02-09",119.720001,529.280029,42.360001,TRUE
"2015-02-10",122.019997,540.159973,42.599998,TRUE
"2015-02-11",124.879997,538,42.380001,TRUE
"2015-02-12",126.459999,546.01001,43.09,TRUE
"2015-02-13",127.080002,551.159973,43.869999,TRUE
"2015-02-17",127.830002,545.01001,43.580002,TRUE
"2015-02-18",128.720001,542.650024,43.529999,TRUE
"2015-02-19",128.449997,546.450012,43.5,FALSE
"2015-02-20",129.5,541.799988,43.860001,TRUE
"2015-02-23",133,535,44.150002,TRUE
"2015-02-24",132.169998,538.650024,44.09,FALSE
"2015-02-25",128.789993,547.330017,43.990002,FALSE
"2015-02-26",130.419998,559.289978,44.060001,TRUE
"2015-02-27",128.460007,562.630005,43.849998,FALSE
"2015-03-02",129.089996,575.02002,43.880001,TRUE
"2015-03-03",129.360001,578.789978,43.279999,TRUE
"2015-03-04",128.539993,578.330017,43.060001,FALSE
"2015-03-05",126.410004,581.429993,43.110001,FALSE
"2015-03-06",126.599998,572.900024,42.360001,TRUE
"2015-03-09",127.139999,574.099976,42.849998,TRUE
"2015-03-10",124.510002,559.849976,42.029999,FALSE
"2015-03-11",122.239998,555.690002,41.98,FALSE
"2015-03-12",124.449997,561.169983,41.02,TRUE
"2015-03-13",123.589996,553,41.380001,FALSE
"2015-03-16",124.949997,561.640015,41.560001,TRUE
"2015-03-17",127.040001,557.609985,41.700001,TRUE
"2015-03-18",128.470001,566.159973,42.5,TRUE
"2015-03-19",127.5,563.669983,42.290001,FALSE
"2015-03-20",125.900002,564.950012,42.880001,FALSE
"2015-03-23",127.209999,565.369995,42.860001,TRUE
"2015-03-24",126.690002,577.539978,42.900002,FALSE
"2015-03-25",123.379997,567,41.459999,FALSE
"2015-03-26",124.239998,563.640015,41.209999,TRUE
"2015-03-27",123.25,557.549988,40.970001,FALSE
"2015-03-30",126.370003,561.140015,40.959999,TRUE
"2015-03-31",124.43,554.700012,40.66,FALSE
"2015-04-01",124.25,549.48999,40.720001,FALSE
"2015-04-02",125.32,541.309998,40.290001,TRUE
"2015-04-06",127.349998,543.950012,41.549999,TRUE
"2015-04-07",126.010002,544.859985,41.529999,FALSE
"2015-04-08",125.599998,548.840027,41.419998,FALSE
"2015-04-09",126.559998,548.02002,41.48,TRUE
"2015-04-10",127.099998,548.539978,41.720001,TRUE
"2015-04-13",126.849998,548.640015,41.759998,FALSE
"2015-04-14",126.300003,539.780029,41.650002,FALSE
"2015-04-15",126.779999,541.039978,42.259998,TRUE
"2015-04-16",126.169998,543.52002,42.16,FALSE
"2015-04-17",124.75,532.73999,41.619999,FALSE
"2015-04-20",127.599998,544.530029,42.91,TRUE
"2015-04-21",126.910004,542.919983,42.639999,FALSE
"2015-04-22",128.619995,549.179993,42.990002,TRUE
"2015-04-23",129.669998,557.460022,43.34,TRUE
"2015-04-24",130.279999,573.659973,47.869999,TRUE
"2015-04-27",132.649994,566.119995,48.029999,TRUE
"2015-04-28",130.559998,564.369995,49.16,FALSE
"2015-04-29",128.639999,561.390015,49.060001,FALSE
"2015-04-30",125.150002,548.77002,48.639999,FALSE
"2015-05-01",128.949997,551.159973,48.66,TRUE
"2015-05-04",128.699997,552.840027,48.240002,FALSE
"2015-05-05",125.800003,543.039978,47.599998,FALSE
"2015-05-06",125.010002,535.080017,46.279999,FALSE
"2015-05-07",125.260002,542.039978,46.700001,TRUE
"2015-05-08",127.620003,548.950012,47.75,TRUE
"2015-05-11",126.32,545.780029,47.369999,FALSE
"2015-05-12",125.870003,538.72998,47.349998,FALSE
"2015-05-13",126.010002,539.48999,47.630001,TRUE
"2015-05-14",128.949997,549.200012,48.720001,TRUE
"2015-05-15",128.770004,546.48999,48.299999,FALSE
"2015-05-18",130.190002,546.669983,48.009998,TRUE
"2015-05-19",130.070007,549.280029,47.580002,FALSE
"2015-05-20",130.059998,552.51001,47.580002,FALSE
"2015-05-21",131.389999,556.809998,47.419998,TRUE
"2015-05-22",132.539993,554.52002,46.900002,TRUE
"2015-05-26",129.619995,547.190002,46.59,FALSE
"2015-05-27",132.039993,554.25,47.610001,TRUE
"2015-05-28",131.779999,554.179993,47.450001,FALSE
"2015-05-29",130.279999,545.320007,46.860001,FALSE
"2015-06-01",130.539993,549.210022,47.23,TRUE
"2015-06-02",129.960007,553.950012,46.919998,FALSE
"2015-06-03",130.119995,555.289978,46.849998,TRUE
"2015-06-04",129.360001,551.690002,46.360001,FALSE
"2015-06-05",128.649994,549.530029,46.139999,FALSE
"2015-06-08",127.800003,543.47998,45.73,FALSE
"2015-06-09",127.419998,542.159973,45.650002,FALSE
"2015-06-10",128.880005,552.599976,46.610001,TRUE
"2015-06-11",128.589996,550.039978,46.439999,FALSE
"2015-06-12",127.169998,547.469971,45.970001,FALSE
"2015-06-15",126.919998,543,45.48,FALSE
"2015-06-16",127.599998,544.869995,45.830002,TRUE
"2015-06-17",127.300003,546.599976,45.970001,FALSE
"2015-06-18",127.879997,556.179993,46.720001,TRUE
"2015-06-19",126.599998,557.52002,46.099998,FALSE
"2015-06-22",127.610001,559.679993,46.23,TRUE
"2015-06-23",127.029999,563.390015,45.91,FALSE
"2015-06-24",128.110001,558.570007,45.639999,TRUE
"2015-06-25",127.5,557.950012,45.650002,FALSE
"2015-06-26",126.75,553.059998,45.259998,FALSE
"2015-06-29",124.529999,541.25,44.369999,FALSE
"2015-06-30",125.43,540.039978,44.150002,TRUE
"2015-07-01",126.599998,543.299988,44.450001,TRUE
"2015-07-02",126.440002,547.340027,44.400002,FALSE
"2015-07-06",126,545.619995,44.389999,FALSE
"2015-07-07",125.690002,550.030029,44.299999,FALSE
"2015-07-08",122.57,541.700012,44.240002,FALSE
"2015-07-09",120.07,544.650024,44.52,FALSE
"2015-07-10",123.279999,556.109985,44.610001,TRUE
"2015-07-13",125.660004,571.72998,45.540001,TRUE
"2015-07-14",125.610001,584.179993,45.619999,FALSE
"2015-07-15",126.82,583.960022,45.759998,TRUE
"2015-07-16",128.509995,601.780029,46.66,TRUE
"2015-07-17",129.619995,699.619995,46.619999,TRUE
"2015-07-20",132.070007,692.840027,46.919998,TRUE
"2015-07-21",130.75,695.349976,47.279999,FALSE
"2015-07-22",125.220001,695.099976,45.540001,FALSE
"2015-07-23",125.160004,674.72998,46.110001,FALSE
"2015-07-24",124.5,654.77002,45.939999,FALSE
"2015-07-27",122.769997,658.27002,45.349998,FALSE
"2015-07-28",123.379997,659.659973,45.34,TRUE
"2015-07-29",122.989998,661.429993,46.290001,FALSE
"2015-07-30",122.370003,664.559998,46.880001,FALSE
"2015-07-31",121.300003,657.5,46.700001,FALSE
"2015-08-03",118.440002,664.719971,46.810001,FALSE
"2015-08-04",114.639999,661.280029,47.540001,FALSE
"2015-08-05",115.400002,673.289978,47.580002,TRUE
"2015-08-06",115.129997,670.150024,46.619999,FALSE
"2015-08-07",115.519997,664.390015,46.740002,TRUE
"2015-08-10",119.720001,663.140015,47.330002,TRUE
"2015-08-11",113.489998,690.299988,46.41,FALSE
"2015-08-12",115.239998,691.469971,46.740002,TRUE
"2015-08-13",115.150002,686.51001,46.73,FALSE
"2015-08-14",115.959999,689.369995,47,TRUE
"2015-08-17",117.160004,694.109985,47.32,TRUE
"2015-08-18",116.5,688.72998,47.27,FALSE
"2015-08-19",115.010002,694.039978,46.610001,FALSE
"2015-08-20",112.650002,679.47998,45.66,FALSE
"2015-08-21",105.760002,644.030029,43.07,FALSE
"2015-08-24",103.120003,618.109985,41.68,FALSE
"2015-08-25",103.739998,612.469971,40.470001,TRUE
"2015-08-26",109.690002,659.73999,42.709999,TRUE
"2015-08-27",112.919998,667.960022,43.900002,TRUE
"2015-08-28",113.290001,659.690002,43.93,TRUE
"2015-08-31",112.760002,647.820007,43.52,FALSE
"2015-09-01",107.720001,629.559998,41.82,FALSE
"2015-09-02",112.339996,644.909973,43.360001,TRUE
"2015-09-03",110.370003,637.049988,43.5,FALSE
"2015-09-04",109.269997,628.960022,42.610001,FALSE
"2015-09-08",112.309998,643.880005,43.889999,TRUE
"2015-09-09",110.150002,643.409973,43.07,FALSE
"2015-09-10",112.57,651.080017,43.290001,TRUE
"2015-09-11",114.209999,655.299988,43.48,TRUE
"2015-09-14",115.309998,652.469971,43.040001,TRUE
"2015-09-15",116.279999,665.070007,43.98,TRUE
"2015-09-16",116.410004,665.52002,44.299999,TRUE
"2015-09-17",113.919998,671.669983,44.25,FALSE
"2015-09-18",113.449997,660.919983,43.48,FALSE
"2015-09-21",115.209999,666.97998,44.110001,TRUE
"2015-09-22",113.400002,653.200012,43.900002,FALSE
"2015-09-23",114.32,653.289978,43.869999,TRUE
"2015-09-24",115,654.909973,43.91,TRUE
"2015-09-25",114.709999,640.150024,43.939999,FALSE
"2015-09-28",112.440002,624.25,43.290001,FALSE
"2015-09-29",109.059998,622.609985,43.439999,FALSE
"2015-09-30",110.300003,638.369995,44.259998,TRUE
"2015-10-01",109.580002,642,44.610001,FALSE
"2015-10-02",110.379997,656.98999,45.57,TRUE
"2015-10-05",110.779999,671.679993,46.630001,TRUE
"2015-10-06",111.309998,671.640015,46.75,TRUE
"2015-10-07",110.779999,670,46.799999,FALSE
"2015-10-08",109.5,667,47.450001,FALSE
"2015-10-09",112.120003,671.23999,47.110001,TRUE
"2015-10-12",111.599998,676.429993,47,FALSE
"2015-10-13",111.790001,683.169983,46.889999,TRUE
"2015-10-14",110.209999,680.409973,46.68,FALSE
"2015-10-15",111.860001,693.02002,47.009998,TRUE
"2015-10-16",111.040001,695.320007,47.509998,FALSE
"2015-10-19",111.730003,699.950012,47.619999,TRUE
"2015-10-20",113.769997,680,47.77,TRUE
"2015-10-21",113.760002,671.799988,47.200001,FALSE
